id,tweetText,tweetURL,type,tweetAuthor,handle,geo,mentions,hashtags,replyCount,quoteCount,retweetCount,likeCount,views,bookmarkCount,createdAt,allMediaURL,videoURL
1878247059184365813,"Yuk, kita bikin tahun 2025 ini jadi milik kita dalam mewujudkan impian, 
Sis ‘N Bro..🫶🌹
 
#SemangatBaru
#Gaspol2025
#TahunBaru2025
#SemangatSolidaritas
#SolidaritasTanpaBatas 
#IndonesiaMaju
#PSI https://t.co/EqpwcDxoIq",https://x.com/psi_id/status/1878247059184365813,tweet,DPP PSI,@psi_id,Jakarta Capital Region,,"#SemangatBaru,#Gaspol2025,#TahunBaru2025,#SemangatSolidaritas,#SolidaritasTanpaBatas,#IndonesiaMaju,#PSI",32,0,0,7,327,0,1/12/2025 8:06,"https://pbs.twimg.com/media/GhDfvB0aAAEIsoJ.jpg,https://pbs.twimg.com/media/GhDfvBua0AAUp_-.jpg,https://pbs.twimg.com/media/GhDfvBzawAAJ745.jpg",
1878018603150385614,"Mulai Tahun dengan Cerdas: Simak 5 Tips Resolusi Keuangan Ini https://t.co/vKvKeBXDdV 
#TipsKeuangan #Tabungan #TahunBaru2025 #Resolusi2025",https://x.com/bartno/status/1878018603150385614,tweet,Ibnu Usmar,@bartno,Jakarta,,"#TipsKeuangan,#Tabungan,#TahunBaru2025,#Resolusi2025",0,0,0,0,1,0,1/11/2025 16:58,,
1878000424000901468,"Kirim dipan dan meja rias Jakarta
Untuk pemesanan hubungi kontak kami dibawah ini ya!
📞082241077376
📍Jl. Nasional Blora-Cepu, Watulumbung, Jiken, Kec. Jiken, Kab. Blora Jawa Tengah.
#dipan #mejarias #tahunbaru2025 #awaltahun https://t.co/t6I69FmXiZ",https://x.com/BLORAJATI_1/status/1878000424000901468,tweet,BLORA JATI PROJECT,@BLORAJATI_1,"Blora, Indonesia",,"#dipan,#mejarias,#tahunbaru2025,#awaltahun",0,0,0,0,13,0,1/11/2025 15:46,https://pbs.twimg.com/ext_tw_video_thumb/1878000135793459200/pu/img/B7bq9nHKr7cFcw6t.jpg,https://video.twimg.com/ext_tw_video/1878000135793459200/pu/vid/avc1/720x1280/H7ANRG9AqIdgUDXd.mp4?tag=12
1877987090409075119,"Mari bersama-sama mewujudkan visi Rektor ITS dan membawa kampus ini menuju masa depan yang lebih gemilang!

#ITSCampus
#ITSSurabaya
#ITSWorldClassUniversity
#Vivat
#PidatoAwalTahun
#TahunBaru2025",https://x.com/its_campus/status/1877987090409075119,tweet,Institut Teknologi Sepuluh Nopember,@its_campus,"Kota Surabaya, Jawa Timur",,"#ITSCampus,#ITSSurabaya,#ITSWorldClassUniversity,#Vivat,#PidatoAwalTahun,#TahunBaru2025",0,0,0,1,172,0,1/11/2025 14:53,,
1877703302994858207,"Terimakasih sebelumnya buat 2024, tahun itu aku banyak pelajaran selama aku berisolasi alias hibernasi.

Dan sekarang menyambut 2025 penuh dengan kegembiraan, semangat baru dan berjuang menuju hal yang baik dan masa yang terbaik dari Tuhan 😎😇🥰🥳

#Bandung #tahunbaru2025 https://t.co/NzKyisj6cX",https://x.com/sca_frisca/status/1877703302994858207,tweet,Frisca A Maharti,@sca_frisca,Bandung,,"#Bandung,#tahunbaru2025",0,0,0,0,6,0,1/10/2025 20:05,https://pbs.twimg.com/media/Gg7v7gjbAAAI4XQ.jpg,
1877685974068539670,"Makluman📌

Info Perkhidmatan Perpustakaan UMSKAL tahun 2025

#TahunBaru2025
#PerpustakaanUMSKAL https://t.co/iysjJm72uu",https://x.com/Libkal_UMS/status/1877685974068539670,tweet,Perpustakaan UMSKAL,@Libkal_UMS,Wilayah Persekutuan Labuan,,"#TahunBaru2025,#PerpustakaanUMSKAL",0,0,0,0,1,0,1/10/2025 18:56,https://pbs.twimg.com/media/Gg7hcUca0AAKVcH.jpg,
1877584320937984443,"Dukung Asta Cita Presiden Prabowo
Polsek TPTM Gelar Penyuluhan Anti Narkoba di SMPN 1 Tanah Putih Tanjung Melawan

https://t.co/UT7sbs0feO

#salampresisi #polisiindonesia #antinarkoba #tahunbaru2025 #fyp  #jangkauanluas #semuaorang #sorotan https://t.co/IsooGwmufu",https://x.com/PolsekTj/status/1877584320937984443,tweet,polsek Tanah Putih Tj Melawan_official,@PolsekTj,"Tanah Putih Tanjung Melawan, I",,"#salampresisi,#polisiindonesia,#antinarkoba,#tahunbaru2025,#fyp,#jangkauanluas,#semuaorang,#sorotan",0,0,0,0,7,0,1/10/2025 12:12,https://pbs.twimg.com/media/Gg6E--NawAARcHx.jpg,
1877566744748851699,"Electrizen,

Dimulai dari langkah kecil, kita nyalakan perubahan dengan energi baru. Saatnya, kita bersiap untuk menyongsong masa depan, dengan semangat keberlanjutan.

Selamat Tahun Baru 2025.

#PLN #PLNUntukIndonesia #AcceleratingRenewableEnergy #Swasembadaenergi
#TahunBaru2025 https://t.co/SgPsJ13mEo",https://x.com/diniariani1986/status/1877566744748851699,tweet,Dini Ariani,@diniariani1986,Malang - Jawa Timur - Indonesi,,"#PLN,#PLNUntukIndonesia,#AcceleratingRenewableEnergy,#Swasembadaenergi,#TahunBaru2025",0,0,0,0,7,0,1/10/2025 11:02,https://pbs.twimg.com/ext_tw_video_thumb/1877566677732458496/pu/img/fRe3B1gJMG1MEv0A.jpg,https://video.twimg.com/ext_tw_video/1877566677732458496/pu/vid/avc1/1280x720/0hFkZ7avEc8D965K.mp4?tag=12
1877279406768410900,"Menjenguk Warga Cibingbin Blok Wage Yang Rumahnya Kebakaran
#peduliumatmelayanirakyat
#pkbsolusibangsa
#tahunbaru2025
@cakiminow
@hasanuddinwahid
@jazilulfawaid_real
@syaifulhooda
@hanifdhakiri
@cucunsyamsurijal
@idafauziyahnu
@halimiskandarnu
@ajam_acep_jamaludin
@dpp_pkb https://t.co/W7rGWvtY5i",https://x.com/MochGozali_dp4/status/1877279406768410900,tweet,H. Moch Gozali,@MochGozali_dp4,,"@cakimiNOW,@SyaifulHooda,@hanifdhakiri,@halimiskandarnu,@DPP_PKB","#peduliumatmelayanirakyat,#pkbsolusibangsa,#tahunbaru2025",0,0,0,0,17,0,1/9/2025 16:01,"https://pbs.twimg.com/media/Gg1vqiUa8AA2gO1.jpg,https://pbs.twimg.com/media/Gg1vqiUasAEj5c9.jpg,https://pbs.twimg.com/media/Gg1vqiTaMAEUyhm.jpg,https://pbs.twimg.com/media/Gg1vqiYaMAEwRsn.jpg",
1877270345775776056,"Jalan-jalan sampai Uluru
Jangan lupa payung abu-abu
Selamat menyambut tahun baru
Semoga kita semua sukses selalu
Selamat Tahun Baru 2025

Salam Diplomasi!

#IniDiplomasi #IndonesiainPerth 
#TahunBaru2025 #2024Wrapped 
#KJRIPrestasi https://t.co/Gi5uQSx33i",https://x.com/IndonesiaInWA/status/1877270345775776056,tweet,Indonesian Consulate General Perth,@IndonesiaInWA,"East Perth, Perth (WA)",,"#IniDiplomasi,#IndonesiainPerth,#TahunBaru2025,#2024Wrapped,#KJRIPrestasi",0,0,1,1,41,0,1/9/2025 15:25,https://pbs.twimg.com/ext_tw_video_thumb/1877270285872934912/pu/img/gw96EwyaL6e7DOeu.jpg,https://video.twimg.com/ext_tw_video/1877270285872934912/pu/vid/avc1/848x480/T3VjrNpZFg2L-53g.mp4?tag=12
1877158331531350134,"Electrizen, hidup ini berawal dari sebuah mimpi.

Selamat Tahun Baru 2025.

Energi Baru untuk Awal Perubahan
dan Semangat Keberlanjutan.

#PLN #PLNUntukIndonesia #AcceleratingRenewableEnergy #Swasembadaenergi
#TahunBaru2025 https://t.co/JkRmWbMPEZ",https://x.com/Albert_Jyp/status/1877158331531350134,tweet,Albert.Jyp,@Albert_Jyp,,,"#PLN,#PLNUntukIndonesia,#AcceleratingRenewableEnergy,#Swasembadaenergi,#TahunBaru2025",0,0,0,0,2,0,1/9/2025 7:59,https://pbs.twimg.com/ext_tw_video_thumb/1877158253525901312/pu/img/ER8hx1pT2nZfP7gh.jpg,https://video.twimg.com/ext_tw_video/1877158253525901312/pu/vid/avc1/1280x720/lRFzWoUPR0rbj8ZN.mp4?tag=12
1877158059933409462,"Electrizen, hidup ini berawal dari sebuah mimpi.

Selamat Tahun Baru 2025.

Energi Baru untuk Awal Perubahan
dan Semangat Keberlanjutan.

#PLN #PLNUntukIndonesia #AcceleratingRenewableEnergy #Swasembadaenergi
#TahunBaru2025 https://t.co/B7OBE1zScf",https://x.com/Adi_Jyp1/status/1877158059933409462,tweet,Adi.Jyp,@Adi_Jyp1,,,"#PLN,#PLNUntukIndonesia,#AcceleratingRenewableEnergy,#Swasembadaenergi,#TahunBaru2025",0,0,0,0,2,0,1/9/2025 7:58,https://pbs.twimg.com/ext_tw_video_thumb/1877157957793890304/pu/img/5QF0ltKVgbkUdQWh.jpg,https://video.twimg.com/ext_tw_video/1877157957793890304/pu/vid/avc1/1280x720/K9L4HP5nYj13BlDB.mp4?tag=12
1877112325792043394,"Tambah pemasukan mu di GOTO88 , klik link nya sekarang juga 

LINK : https://t.co/RmzlTEgmMC

#California #Trump #Jisoo #LingOrmxSmoothEendsItAll #slot #kamis #pagi #viral  #viralvideo #ViralVideos #Indonesia #tahunbaru2025 https://t.co/yC6rtOORpJ",https://x.com/goto88_/status/1877112325792043394,tweet,MAS GOTO88,@goto88_,,,"#California,#Trump,#Jisoo,#LingOrmxSmoothEendsItAll,#slot,#kamis,#pagi,#viral,#viralvideo,#ViralVideos,#Indonesia,#tahunbaru2025",0,0,0,1,130,0,1/9/2025 4:57,https://pbs.twimg.com/media/GgzXK4RWQAAzQav.png,
1876886713689120966,"Tim Manajemen Marcapada Brilian ingin mengucapkan selamat tahun baru untuk kalian semua! Semoga tahun ini jadi tahun yang penuh semangat, keceriaan, dan tentunya penuh kesempatan untuk mewujudkan cita-cita kalian.
#TahunBaru2025 #SemangatBaru #MeraihCitaCita #MarcapadaBrilian https://t.co/B166JqWXTP",https://x.com/mb_bimbel/status/1876886713689120966,tweet,marcapada brilian,@mb_bimbel,,,"#TahunBaru2025,#SemangatBaru,#MeraihCitaCita,#MarcapadaBrilian",0,0,0,0,3,0,1/8/2025 14:00,https://pbs.twimg.com/media/GgwKRk7bUAA-dkv.jpg,
1876812153224577313,"YayasanPahang: 7 Januari, Kuantan - Majlis Amanat Tahun Baru 2025 YP dan Kumpulan oleh YH Dato' Indera Mahmud Mohd Nawawi, Ketua Pegawai Eksekutif Yayasan Pahang.

#yp4u #yayasanpahang #amanat #tahunbaru2025 https://t.co/rRLQiWYoZK",https://x.com/razmanrahim/status/1876812153224577313,tweet,ʀᴀᴢᴍᴀɴ ʀᴀʜɪᴍ 🇲🇾,@razmanrahim,Malaysia,,"#yp4u,#yayasanpahang,#amanat,#tahunbaru2025",0,0,0,0,26,0,1/8/2025 9:04,https://pbs.twimg.com/ext_tw_video_thumb/1876791091586039808/pu/img/0mKndkpTaW89Zy5D.jpg,https://video.twimg.com/ext_tw_video/1876791091586039808/pu/vid/avc1/720x1280/9dw1zHqVLRUWLX4U.mp4?tag=12
1876811062701678645,"7 Januari, Kuantan - Majlis Amanat Tahun Baru 2025 YP dan Kumpulan oleh YH Dato' Indera Mahmud Mohd Nawawi, Ketua Pegawai Eksekutif Yayasan Pahang.

#yp4u #yayasanpahang #amanat #tahunbaru2025 https://t.co/ql766syWPz",https://x.com/YayasanPahang/status/1876811062701678645,tweet,Yayasan Pahang Official,@YayasanPahang,"Tanjung Lumpur, Kuantan",,"#yp4u,#yayasanpahang,#amanat,#tahunbaru2025",0,0,1,2,80,0,1/8/2025 9:00,https://pbs.twimg.com/ext_tw_video_thumb/1876791091586039808/pu/img/0mKndkpTaW89Zy5D.jpg,https://video.twimg.com/ext_tw_video/1876791091586039808/pu/vid/avc1/720x1280/9dw1zHqVLRUWLX4U.mp4?tag=12
1876811058033123431,"Jom tengok kami packing Al-Quran An Naim ada ukiran nama &lt;3

https://t.co/XmfTGrTqyM

#pustakadaruliman #tahunbaru2025 #hantarantunang #alquranukirannama https://t.co/Hp3OiPVSkv",https://x.com/galeridaruliman/status/1876811058033123431,tweet,Pustaka Darul Iman,@galeridaruliman,Pustaka Darul Iman,,"#pustakadaruliman,#tahunbaru2025,#hantarantunang,#alquranukirannama",0,0,0,0,6,0,1/8/2025 9:00,https://pbs.twimg.com/ext_tw_video_thumb/1876543533961879553/pu/img/QDcjhyAKDNUZFYcf.jpg,https://video.twimg.com/ext_tw_video/1876543533961879553/pu/vid/avc1/720x1280/lWe2dT4eoWInf1DE.mp4?tag=12
1876731280097714418,"Yang tahun lalu resolusinya belum terealisasi absen dulu!🙋‍♂️

Tenang..

Yuk, set ulang goals kamu di tahun 2025!

#tahunbaru #newyear #tahunbaru2025 #resolusitahunbaru #JelajAILokalSoloRaya #Aglonesia #KadinSurakarta
https://t.co/n5pEp7IkaZ",https://x.com/aglonesia_ai/status/1876731280097714418,tweet,aglonesia.ai,@aglonesia_ai,,,"#tahunbaru,#newyear,#tahunbaru2025,#resolusitahunbaru,#JelajAILokalSoloRaya,#Aglonesia,#KadinSurakarta",0,0,0,0,4,0,1/8/2025 3:42,,
1876487311271338482,"Selamat Tahun Baru 2025 #SahabatFrekuensi! 🎉✨  

Balai Monitor Spektrum Frekuensi siap mendukung konektivitas dan komunikasi yang aman, lancar, serta sesuai regulasi untuk Indonesia Maju di tahun yang baru! 📡🌍  

#TahunBaru2025 #Recap2024 #FrekuensiSatukanNegeri #Komdigi https://t.co/5w5jJkCYfm",https://x.com/balmonjakarta/status/1876487311271338482,tweet,Balai Monitor SFR Kelas I Jakarta,@balmonjakarta,"Ciracas, Jakarta Timur, 13730",,"#SahabatFrekuensi,#TahunBaru2025,#Recap2024,#FrekuensiSatukanNegeri,#Komdigi",0,0,0,0,24,0,1/7/2025 11:33,"https://pbs.twimg.com/media/GgqfMb6bYAAMxJ4.jpg,https://pbs.twimg.com/ext_tw_video_thumb/1876487230749065216/pu/img/XGuavJZ7ThE9NUyl.jpg",https://video.twimg.com/ext_tw_video/1876487230749065216/pu/vid/avc1/720x1280/r-jMqzA2ggKC2Bv3.mp4?tag=12
1876486689096667273,"ADIK IPARKU BELUM JUGA MENIKAH  - Azza Karuma
Aku punya seorang adik ipar, namanya Fatoni. Secara umur dan finansial kukira dia sudah layak untuk menikah.
Namun ternyata...
https://t.co/cC6e3kk5y0 
#ShinTaeYongdipecat #novelrekomend #ceritadewasa #novelcore #tahunbaru2025 #fiksi https://t.co/trLbubzRK6",https://x.com/Karuma_azza/status/1876486689096667273,tweet,Azza Karuma,@Karuma_azza,,,"#ShinTaeYongdipecat,#novelrekomend,#ceritadewasa,#novelcore,#tahunbaru2025,#fiksi",1,0,0,0,1083,0,1/7/2025 11:31,"https://pbs.twimg.com/media/GgqesAka4AAEACT.jpg,https://pbs.twimg.com/media/GgqesC-a0AAJAMg.jpg,https://pbs.twimg.com/media/GgqesEtasAEyugl.jpg,https://pbs.twimg.com/media/GgqesNLbkAA6Oc8.jpg",
1876474917740482680,Aku dan kamu #tahunbaru2025 #hotelsantikabanyuwangi #liburan #jalanjalan #jawatan #pulaumerah #akudankamu #separuhnafas https://t.co/tPBxZ59rVn,https://x.com/WasitoD/status/1876474917740482680,tweet,ADI MUZAKKI,@WasitoD,"East Java, Indonesia",,"#tahunbaru2025,#hotelsantikabanyuwangi,#liburan,#jalanjalan,#jawatan,#pulaumerah,#akudankamu,#separuhnafas",0,0,0,4,8,0,1/7/2025 10:44,https://pbs.twimg.com/ext_tw_video_thumb/1876474879123521536/pu/img/A2AiFsNteDRtLwME.jpg,https://video.twimg.com/ext_tw_video/1876474879123521536/pu/vid/avc1/720x1280/NudIP9JHw1ceKOBI.mp4?tag=12
1876471679360368869,"Petugas Parkir Gacoan Raup Omset Kotor Hingga Rp 2 Juta Selama Liburan Tahun Baru
https://t.co/8Kh3Y52izr
#liburan #gacoan #tahunbaru #tahunbaru2025 #kabarterdepan",https://x.com/kabarterdepanID/status/1876471679360368869,tweet,Kabar Terdepan,@kabarterdepanID,"Mojokerto, Jawa Timur",,"#liburan,#gacoan,#tahunbaru,#tahunbaru2025,#kabarterdepan",0,0,1,0,54,0,1/7/2025 10:31,,
1876441478781980999,"Semoga tahun baru 2025 ini banyak membawa keberkahan dan kebahagiaan untuk kita semua ✨💖🙏

#TahunBaru2025 https://t.co/EmWLF2K6Mn",https://x.com/PamegatsariP69/status/1876441478781980999,tweet,Panji Pamegatsari,@PamegatsariP69,Indonesia 🇮🇩,,#TahunBaru2025,0,0,0,0,21,0,1/7/2025 8:31,https://pbs.twimg.com/media/Ggp1etqboAAKE8g.jpg,
1876312775003369751,"Pelajari strategi pemasaran digital untuk menjangkau konsumen lebih luas dan efektif. Daftar sekarang: https://t.co/7INWvcq3MQ

#DIGITAL #DigitalAssets #businesstips #TrainingTogether #Pelatihan #TahunBaru #TahunBaru2025 #B2CStrategy #MarketingSuccess https://t.co/SNoSPGqFoP",https://x.com/UrwaysI75982/status/1876312775003369751,tweet,urways indonesia,@UrwaysI75982,"Tangerang, Banten",,"#DIGITAL,#DigitalAssets,#businesstips,#TrainingTogether,#Pelatihan,#TahunBaru,#TahunBaru2025,#B2CStrategy,#MarketingSuccess",0,0,0,0,4,0,1/7/2025 0:00,https://pbs.twimg.com/media/Gfz7suKbwAAkfHy.jpg,
1876274044624117778,"Temukan Medan - Bimoli Klasik Pouch Minyak Goreng [2000 mL/6 pcs] di Blibli, lagi diskon 6% harganya jadi Rp232.000! Coba buka link-nya, deh: https://t.co/BfwwT3mc47

#blibli #tahunbaru2025 #minyakgoreng #viralterbaru #voucher",https://x.com/promoblibli_/status/1876274044624117778,tweet,PromoBlibli,@promoblibli_,,,"#blibli,#tahunbaru2025,#minyakgoreng,#viralterbaru,#voucher",0,0,0,0,17,0,1/6/2025 21:26,,
1876253170604900826,"2025 lebih sehat &amp; cantik

Hi, Guardian Angels! Ini dia kebiasaan yang ingin Mingu lakukan di 2025 agar hidup lebih sehat &amp; cantik!😍

Kalo kamu mau mulai kebiasaan baik apa nih? Comment di bawah, yuk!

#resolusi2025 #tahunbaru2025 #SeruDiGuardian https://t.co/i2QRkhbsVZ",https://x.com/GuardianID/status/1876253170604900826,tweet,Guardian Indonesia,@GuardianID,Indonesia,,"#resolusi2025,#tahunbaru2025,#SeruDiGuardian",0,0,1,0,108,0,1/6/2025 20:03,https://pbs.twimg.com/ext_tw_video_thumb/1876253151621529600/pu/img/FbLHCkxfakMxeV9A.jpg,https://video.twimg.com/ext_tw_video/1876253151621529600/pu/vid/avc1/720x720/q0Z268P50nA89fgy.mp4?tag=12
1876222179911578083,"HiFriends! Apa kabarnya nih di hari Senin pertama tahun 2025?🤩✨ 

Makin seru atau kerasa haru karena udah ganti tahun baru? 

Ceritain ke HiMin dong di kolom komentar~ 

#IndosatHiFi #TahunBaru2025 #BerasaKoneksinya https://t.co/YSnNidV71e",https://x.com/HiFicares/status/1876222179911578083,tweet,IndosatHiFiCares,@HiFicares,,,"#IndosatHiFi,#TahunBaru2025,#BerasaKoneksinya",33,0,0,1,1680,0,1/6/2025 18:00,"https://pbs.twimg.com/media/GgmgZYtWAAAIFZo.jpg,https://pbs.twimg.com/media/GgmgZg6WYAA1VdS.jpg",
1876218025357291540,"Tak mengapa jika hari esok tak baik2 sja.berbanggalah pd dirimu sdiri,yg selama ini mau bertahan dg ke gaduhan fikiran yg sengaja km lakukan../philosogi of overthinking/
#tahunbaru2025,ke enam",https://x.com/dalifah_ismi/status/1876218025357291540,tweet,153162li724.bunda,@dalifah_ismi,"Darussalam, Indonesia",,#tahunbaru2025,0,0,0,0,7,0,1/6/2025 17:43,,
1876180743229173772,"🎉 Tahun baru, promo baru! Nikmati FREE PUTIEN Seaweed Mini Shrimps di PUTIEN Puri Indah Mall! Cuma berlaku 1-31 Januari 2025. Yuk, jangan sampai kelewatan Fujian Specialty yang bikin nagih! 😋

👉 Cek infonya sekarang: https://t.co/u7B5djmu1k

#PromoPUTIEN #TahunBaru2025 #SeafoodLovers",https://x.com/katalogpromosi/status/1876180743229173772,tweet,KATALOGPROMOSI | Info DISKON / PROMO / SALE,@katalogpromosi,keliling mall nyari diskonan,,"#PromoPUTIEN,#TahunBaru2025",0,0,0,0,208,0,1/6/2025 15:15,https://pbs.twimg.com/media/GgmIcUibQAEb3CN.jpg,
1876176053288230996,"✨ Selamat Tahun Baru 2025! ✨  
Mari kita sambut tahun ini dengan semangat baru untuk mencapai *Kemandirian Finansial*! 💪💰  
Waktunya untuk merencanakan, berinvestasi, dan mewujudkan impian finansialmu. 🚀  

#KemandirianFinansial #TahunBaru2025 #Goals2025 #FinansialCerdas https://t.co/Rw4Qb7BKGl",https://x.com/mandirifinans/status/1876176053288230996,tweet,Kemandirian Finansial,@mandirifinans,Jl.Musi no. 33 Cideng Jakarta,,"#KemandirianFinansial,#TahunBaru2025,#Goals2025,#FinansialCerdas",0,0,0,0,7,0,1/6/2025 14:56,https://pbs.twimg.com/media/GgmELbdWsAAxdWK.jpg,
1876158492702331235,"Awali Tahun Baru dengan Energi Maksimal! 📷📷
DYNEX, solusi terbaik untuk forklift bisnis Anda!
#tahunbaru2025 #2025 #fyppp #baterai#bateraiforklift #bpsi #viral https://t.co/tRWIgd1ljy",https://x.com/Bpsiresmi/status/1876158492702331235,tweet,Bpsi Official,@Bpsiresmi,,,"#tahunbaru2025,#fyppp,#bpsi,#viral",0,0,0,0,24,0,1/6/2025 13:46,https://pbs.twimg.com/ext_tw_video_thumb/1876158353644408832/pu/img/I-O2E_AfIpiD8UEc.jpg,https://video.twimg.com/ext_tw_video/1876158353644408832/pu/vid/avc1/720x1280/qlxYMeNew5bYkYJs.mp4?tag=12
1876140769519775788,"Aiptu Nana Ajarkan Qur'an ke Warga Jambi: Saling Bantu dalam Kebaikan

https://t.co/BJnRokENEA

#salampresisi #polisiindonesia #poldariau #tahunbaru2025 #fyp  #jangkauanluas #semuaorang #sorotan https://t.co/seg2sJrPWL",https://x.com/PolsekTj/status/1876140769519775788,tweet,polsek Tanah Putih Tj Melawan_official,@PolsekTj,"Tanah Putih Tanjung Melawan, I",,"#salampresisi,#polisiindonesia,#poldariau,#tahunbaru2025,#fyp,#jangkauanluas,#semuaorang,#sorotan",0,0,0,0,5,0,1/6/2025 12:36,https://pbs.twimg.com/media/GglkFj8aEAA8xah.jpg,
1876138933635166714,"Aiptu Gusti, Polisi Penari yang Ajarkan Kesenian di Klungkung Bali

https://t.co/P0tzWQJ1Zx

#salampresisi #polisiindonesia #poldariau #tahunbaru2025 #fyp  #jangkauanluas #semuaorang #sorotan https://t.co/U2GGiz9TP9",https://x.com/PolsekTj/status/1876138933635166714,tweet,polsek Tanah Putih Tj Melawan_official,@PolsekTj,"Tanah Putih Tanjung Melawan, I",,"#salampresisi,#polisiindonesia,#poldariau,#tahunbaru2025,#fyp,#jangkauanluas,#semuaorang,#sorotan",0,0,0,0,5,0,1/6/2025 12:29,https://pbs.twimg.com/media/Ggliao7asAABPpX.jpg,
1876120498733830276,"Awal tahun ini diawali dengan tragedi memilukan. Serangan brutal di kamp pengungsian Jabalia, Gaza Utara, menewaskan dan melukai banyak anak tak berdosa. Rabu (1/1/2025)

Mereka kehilangan rumah, keluarga, dan harapan.

#fyp #ViralVideos #NewYear #TahunBaru2025 #Trending https://t.co/PQ1dblx4X8",https://x.com/knrpntb/status/1876120498733830276,tweet,KNRP NTB,@knrpntb,Nusa Tenggara Barat,,"#fyp,#ViralVideos,#NewYear,#TahunBaru2025,#Trending",0,0,0,0,12,0,1/6/2025 11:15,https://pbs.twimg.com/ext_tw_video_thumb/1876120393242816512/pu/img/9126yCeM6wIpHDuO.jpg,https://video.twimg.com/ext_tw_video/1876120393242816512/pu/vid/avc1/712x1280/wIBo7fYXlm4nFJ3b.mp4?tag=12
1876105686507250036,"Salam #sobatkristen
Apel Perdana 2025, Semangat Baru, Langkah Bersama!

Hari ini, Senin, 6 Januari 2025, Ditjen Bimas Kristen memulai perjalanan tahun baru dengan penuh semangat dan komitmen melalui apel perdana.

#kemenag #BimasKristen #SemangatBaruLangkahBersama #tahunbaru2025 https://t.co/XAxaDeTmc3",https://x.com/bimaskristenri/status/1876105686507250036,tweet,Ditjen Bimas Kristen,@bimaskristenri,Jakarta,,"#sobatkristen,#kemenag,#BimasKristen,#SemangatBaruLangkahBersama,#tahunbaru2025",0,0,0,1,30,0,1/6/2025 10:17,https://pbs.twimg.com/ext_tw_video_thumb/1876104989845950464/pu/img/0qn9N0TZuqUjN4PV.jpg,https://video.twimg.com/ext_tw_video/1876104989845950464/pu/vid/avc1/720x1280/ruMtemA15tZAhz1c.mp4?tag=12
1876104558201770268,"Tahun 2024 telah berhasil dilewati dengan perjuangan dan kebersamaan. Semoga tahun 2025 menjadi langkah baru untuk semangat dan perjalanan yang luar biasa.

#PLN #PLNUntukIndonesia #AcceleratingRenewableEnergy #Swasembadaenergi #TahunBaru2025 #PLNSiagaNataru",https://x.com/plndisjatim/status/1876104558201770268,tweet,PLN Distribusi Jawa Timur,@plndisjatim,"Surabaya, Indonesia",,"#PLN,#PLNUntukIndonesia,#AcceleratingRenewableEnergy,#Swasembadaenergi,#TahunBaru2025,#PLNSiagaNataru",0,0,0,0,28,0,1/6/2025 10:12,,
1876078085122199791,"Electrizen, hidup ini berawal dari sebuah mimpi. Membawa keyakinan untuk meraih sebuah tujuan.

Selamat Tahun Baru 2025.

Energi Baru untuk Awal Perubahan
dan Semangat Keberlanjutan.

#PLN #PLNUntukIndonesia #AcceleratingRenewableEnergy #Swasembadaenergi
#TahunBaru2025 https://t.co/LzWFTxbkk3",https://x.com/yaniar190/status/1876078085122199791,tweet,Yaniar Indra Dewi,@yaniar190,"East Java, Indonesia",,"#PLN,#PLNUntukIndonesia,#AcceleratingRenewableEnergy,#Swasembadaenergi,#TahunBaru2025",0,0,0,0,8,0,1/6/2025 8:27,https://pbs.twimg.com/ext_tw_video_thumb/1876078014263640064/pu/img/HqdNOO3K0uLdKsYo.jpg,https://video.twimg.com/ext_tw_video/1876078014263640064/pu/vid/avc1/1280x720/F2LPOH9UzNhoGWWA.mp4?tag=12
1876074379320434883,"Energi Baru untuk Awal Perubahan
dan Semangat Keberlanjutan.

#PLN #PLNUntukIndonesia #AcceleratingRenewableEnergy #Swasembadaenergi
#TahunBaru2025",https://x.com/aajisetiyadi/status/1876074379320434883,tweet,Aji Setiyadi,@aajisetiyadi,,,"#PLN,#PLNUntukIndonesia,#AcceleratingRenewableEnergy,#Swasembadaenergi,#TahunBaru2025",0,0,0,0,5,0,1/6/2025 8:12,,
1876074246197452827,"Energi Baru untuk Awal Perubahan
dan Semangat Keberlanjutan.

#PLN #PLNUntukIndonesia #AcceleratingRenewableEnergy #Swasembadaenergi
#TahunBaru2025",https://x.com/pln_masohi/status/1876074246197452827,tweet,PLN UP3 Masohi,@pln_masohi,"Masohi, Maluku Tengah",,"#PLN,#PLNUntukIndonesia,#AcceleratingRenewableEnergy,#Swasembadaenergi,#TahunBaru2025",0,0,0,0,8,0,1/6/2025 8:12,,
1876062814718341541,"Selamat Tahun Baru 2025.

Energi Baru untuk Awal Perubahan
dan Semangat Keberlanjutan.

#PLN #PLNUntukIndonesia #AcceleratingRenewableEnergy #Swasembadaenergi
#TahunBaru2025 https://t.co/IUEXAXYed9",https://x.com/worldofgummy/status/1876062814718341541,tweet,🍬,@worldofgummy,,,"#PLN,#PLNUntukIndonesia,#AcceleratingRenewableEnergy,#Swasembadaenergi,#TahunBaru2025",0,0,0,0,7,0,1/6/2025 7:26,https://pbs.twimg.com/ext_tw_video_thumb/1876062512254517248/pu/img/e4W9QC9uc1Gfx_fk.jpg,https://video.twimg.com/ext_tw_video/1876062512254517248/pu/vid/avc1/1276x720/YEh9flvibu_YsZCp.mp4?tag=12
1875941377735110830,"Pengecekan ketersediaan bahan pokok kebutuhan masyarakat dan kesetabilan harga bahan pokok selama perayaan Natal dan Tahun Baru.
#poldajateng 
#PolrestaPati 
#tahunbaru2025 
#ekspresikandengancapcut #CapCut https://t.co/zSalQmwnS3",https://x.com/S51ap2022/status/1875941377735110830,tweet,Satria 51ap,@S51ap2022,,,"#poldajateng,#PolrestaPati,#tahunbaru2025,#ekspresikandengancapcut,#CapCut",0,0,0,0,6,0,1/5/2025 23:24,https://pbs.twimg.com/ext_tw_video_thumb/1875936324676648960/pu/img/1pZqDSix6BsnatYA.jpg,https://video.twimg.com/ext_tw_video/1875936324676648960/pu/vid/avc1/720x720/WSadlhLSkN_0SQ4B.mp4?tag=12
1875918689473827157,"2025 Semakin terdepan 
YouTube #tukangsampahberdasi 
#tahunbaru2025 #tahunbaru #kranji #kranjibekasi #bekasi #bekasihits #bekasibarat #bekasiinfo #laundry #laundrykiloan #cucikiloan #loundrykiloan #loundrysepatu #sepatu #selimut #sprei #sepatuoriginal #kreatif #cucisepatujakarta https://t.co/ZpS3jWBct0",https://x.com/melosky_83/status/1875918689473827157,tweet,Melo Tukang Sampah Berdasi,@melosky_83,Jakarta-Pusat,,"#tukangsampahberdasi,#tahunbaru2025,#tahunbaru,#kranji,#kranjibekasi,#bekasi,#bekasihits,#bekasibarat,#bekasiinfo,#laundry,#laundrykiloan,#cucikiloan,#loundrykiloan,#loundrysepatu,#sepatu,#selimut,#sprei,#sepatuoriginal,#kreatif,#cucisepatujakarta",0,0,0,0,19,0,1/5/2025 21:54,https://pbs.twimg.com/ext_tw_video_thumb/1875918556342394881/pu/img/mE6c77Qu9KjKL1Ms.jpg,https://video.twimg.com/ext_tw_video/1875918556342394881/pu/vid/avc1/720x1280/q3yedFNlLv4SQtWG.mp4?tag=12
1875913964531646636,"4 Januari 2025, Pemuda Jayasakti gelar syukuran &amp; doa bersama. Ketua KNPI Mesuji hadir, semarakkan kebersamaan!

#TahunBaru2025 #PemudaBersatu #KNPIMesuji https://t.co/WPixzb9CuQ",https://x.com/knpimesuji/status/1875913964531646636,tweet,DPD KNPI Kabupaten Mesuji,@knpimesuji,"Mesuji, Indonesia",,"#TahunBaru2025,#PemudaBersatu,#KNPIMesuji",0,0,0,1,5,0,1/5/2025 21:35,https://pbs.twimg.com/media/GgiVyvHaMAETvHK.jpg,
1875913007957684262,"2025 Semakin terdepan 

YouTube #tukangsampahberdasi 

#tahunbaru2025 #tahunbaru #kranji #kranjibekasi #bekasi #bekasihits #bekasibarat #bekasiinfo #laundry #laundrykiloan #cucikiloan #loundrykiloan #loundrysepatu #sepatu #selimut #sprei #sepatuoriginal 
https://t.co/elOitWEVep https://t.co/a93r1Bm7lX",https://x.com/melosky_83/status/1875913007957684262,tweet,Melo Tukang Sampah Berdasi,@melosky_83,Jakarta-Pusat,,"#tukangsampahberdasi,#tahunbaru2025,#tahunbaru,#kranji,#kranjibekasi,#bekasi,#bekasihits,#bekasibarat,#bekasiinfo,#laundry,#laundrykiloan,#cucikiloan,#loundrykiloan,#loundrysepatu,#sepatu,#selimut,#sprei,#sepatuoriginal",0,0,0,0,16,0,1/5/2025 21:31,https://pbs.twimg.com/ext_tw_video_thumb/1875912881713373185/pu/img/Kkw_JpsZdaZLtHAU.jpg,https://video.twimg.com/ext_tw_video/1875912881713373185/pu/vid/avc1/720x1280/AOfc2ry1W40BXa4s.mp4?tag=12
1875907291037446268,"AZAM TAHUN BARU

https://t.co/Dzovgdfu6f

https://t.co/PHZAVuyCQJ

#uqafy #fypシ #ustazah #ustazahqurrotulaien #fyp #ustazahqurrotulaienfatahyasin #azam #tahunbaru #tahunbaru2025 #longervideos #LIVEhighlights #TikTokLIVE #LIVE https://t.co/xk31ct7gQI",https://x.com/AienYasin/status/1875907291037446268,tweet,Qurrotul Aien FatahYasin UQAFY,@AienYasin,,,"#uqafy,#fypシ,#ustazah,#ustazahqurrotulaien,#fyp,#ustazahqurrotulaienfatahyasin,#azam,#tahunbaru,#tahunbaru2025,#longervideos,#LIVEhighlights,#TikTokLIVE,#LIVE",0,0,0,0,17,0,1/5/2025 21:08,https://pbs.twimg.com/ext_tw_video_thumb/1875907221969862656/pu/img/wjoegt6s2OX4Kss2.jpg,https://video.twimg.com/ext_tw_video/1875907221969862656/pu/vid/avc1/720x1280/yJJpwMSbm9QhA31P.mp4?tag=12
1875892088048615535,"#himakiuny
#himaki2024
#himakiAbirama
#tahunbaru2025",https://x.com/himakiuny/status/1875892088048615535,tweet,Hima Kimia FMIPA UNY,@himakiuny,Universitas Negeri Yogyakarta,,"#himakiuny,#himaki2024,#himakiAbirama,#tahunbaru2025",0,0,0,0,11,0,1/5/2025 20:08,,
1875879467731829224,New Douyin Makeup Transformation Trend✨Amazing Tutorial #douyin #makeup #beauty #Tiktoker #trend #TahunBaru2025 #transformation https://t.co/76N9MMudnt,https://x.com/JaclynMyrt29501/status/1875879467731829224,tweet,Myrtle Jaclyn,@JaclynMyrt29501,,,"#douyin,#makeup,#beauty,#Tiktoker,#trend,#TahunBaru2025,#transformation",0,0,0,0,24,0,1/5/2025 19:18,https://pbs.twimg.com/ext_tw_video_thumb/1875879195869671424/pu/img/D-dMOavoz6XFS3bV.jpg,https://video.twimg.com/ext_tw_video/1875879195869671424/pu/vid/avc1/720x1280/P1UEhoZvWcmtTttK.mp4?tag=12
1875856689146323026,"777POWERNET Menghadirkan event ""Turnamen Gacor Tahun Baruan 2025"" yang Berlangsung mulai 1 Januari 2025 s/d 15 Januari 2025 Dengan total hadiah sebesar 203.750.000!

🔗  https://t.co/OOeS8wdQav

CEK PROMOSINYA SEKARANG! KLIK LINK DI BIO!
#777powernet #tahunbaru2025 https://t.co/iHH4tqHlgS",https://x.com/POWERNET77/status/1875856689146323026,tweet,POWERNETofficial,@POWERNET77,,,"#777powernet,#tahunbaru2025",0,0,0,2,13,0,1/5/2025 17:47,https://pbs.twimg.com/media/Gghht5BawAA5R_6.jpg,
1875823590672867498,"Ahok dan Anies Akrab di Tahun Baru, Pengamat: Bisa Jadi Dukungan Kuat untuk Pramono-Rano

#beritanasional #minggu #ahok #aniesbaswedan #tahunbaru2025 #pramonoanung #ranokarno #gubernurdkijakarta 

https://t.co/cVINQcIudE https://t.co/GqpbcGXoNZ",https://x.com/NasionalBerita_/status/1875823590672867498,tweet,Berita Nasional,@NasionalBerita_,,,"#beritanasional,#minggu,#ahok,#aniesbaswedan,#tahunbaru2025,#pramonoanung,#ranokarno,#gubernurdkijakarta",0,0,0,1,35,0,1/5/2025 15:36,https://pbs.twimg.com/media/GghDmVaacAA4JfB.jpg,
1875798124230537685,"Pernah gk teman-teman merasakan keseruan diatas perahu kayak gini? 😊😊
#Tahunbaru2025
#pantaiwaemarassatarmesebaratmanggarainttindonesia https://t.co/2ciyWrXBYI",https://x.com/YohandAngkur19_/status/1875798124230537685,tweet,Yohand,@YohandAngkur19_,"Flores, Indonesia",,"#Tahunbaru2025,#pantaiwaemarassatarmesebaratmanggarainttindonesia",0,0,0,0,6,0,1/5/2025 13:54,https://pbs.twimg.com/ext_tw_video_thumb/1875798037798535168/pu/img/BihGK3vlSW6Bmcm_.jpg,https://video.twimg.com/ext_tw_video/1875798037798535168/pu/vid/avc1/478x850/_kn0bQFD9T2O3UBI.mp4?tag=12
1875789211078684821,"Kab. Tegal - Jateng | Rabu (1/1/2025).

Giat PMI Kab. Tegal PAM Natal 2024 dan Tahun baru 2025 (NATARU), lokasi :

🚑 POS Kesehatan Rest Area 275A Penarukan Adiwerna 

🚑POS Obyek Wisata Guci.

#pmiselalubantu
#pamnataru2024
#tahunbaru2025
#pmikabtegal https://t.co/3aUw50yaGN",https://x.com/PMIKabTegal/status/1875789211078684821,tweet,PMI Kabupaten Tegal,@PMIKabTegal,"Kota Slawi, Kab. Tegal  Jateng",,"#pmiselalubantu,#pamnataru2024,#tahunbaru2025,#pmikabtegal",0,0,0,2,22,0,1/5/2025 13:19,https://pbs.twimg.com/ext_tw_video_thumb/1875789135874813955/pu/img/aNbSgrK0CSk3zyYm.jpg,https://video.twimg.com/ext_tw_video/1875789135874813955/pu/vid/avc1/720x720/etZGCkQesY4h2vFO.mp4?tag=12
1875754103391080805,"✨ Bak kata orang.... 'New Year New Me' ✨

Lawak Kampus 48
🛒 GS Store: https://t.co/9yu6hjqYBG

#KadokawaGempakStarz #GempakStarz #KGS #LawakKampus #LawakKampus48 #Keith #SelamatTahunBaru2025 #TahunBaru2025 #Tahun2025 https://t.co/kDhzwWNGLA",https://x.com/Gempak_Starz/status/1875754103391080805,tweet,Gempak Starz,@Gempak_Starz,"Bandar Tasik Selatan, KL",,"#KadokawaGempakStarz,#GempakStarz,#KGS,#LawakKampus,#LawakKampus48,#Keith,#SelamatTahunBaru2025,#TahunBaru2025,#Tahun2025",0,0,0,1,61,0,1/5/2025 11:00,https://pbs.twimg.com/media/GgWWUfhbQAAl1Og.png,
1875750045443879326,"Kadang miris melihat lansia masih mencari nafkah, tentu tidak sekuat pas usia muda, penglihatan juga sudah berkurang. 
#TahunBaru2025 https://t.co/jIV47RHwC6",https://x.com/Arkobumen/status/1875750045443879326,tweet,arkobumen,@Arkobumen,Surakarta,,#TahunBaru2025,0,0,0,6,70,0,1/5/2025 10:43,https://pbs.twimg.com/ext_tw_video_thumb/1875749967744364544/pu/img/0tMVNe8PnGyYqapO.jpg,https://video.twimg.com/ext_tw_video/1875749967744364544/pu/vid/avc1/720x1280/bTDheYA1Pg-KqTd5.mp4?tag=12
1875735331284431013,"https://t.co/EiJnrzGdOp

Berikut Jadwal Film Spesial Tahun Baru 2025 di TransTV dan Trans7 hari ini, Minggu 5 Januari 2025

#Film
#TahunBaru2025",https://x.com/helojabar_/status/1875735331284431013,tweet,helojabar,@helojabar_,,,"#Film,#TahunBaru2025",0,0,0,0,15,0,1/5/2025 9:45,,
1875723088580768081,"Berita Minggu pagi, peran polisi di Jombang dalam menjaga keamanan dan ketertiban selama Natal dan Tahun Baru tempo hari mendapat apresiasi ulama.
#Natal2024 #TahunBaru2025 #Nataru #Polri #PolresJombang #Jombang #ulama",https://x.com/NewsJatim1/status/1875723088580768081,tweet,Jatim Satu News,@NewsJatim1,,,"#Natal2024,#TahunBaru2025,#Nataru,#Polri,#PolresJombang,#Jombang,#ulama",0,0,0,0,21,0,1/5/2025 8:56,,
1875705274650198116,"Selamat Tahun Baru 2025.

Energi Baru untuk Awal Perubahan
dan Semangat Keberlanjutan.

#PLN #PLNUntukIndonesia #AcceleratingRenewableEnergy #Swasembadaenergi
#TahunBaru2025",https://x.com/UrzaMas/status/1875705274650198116,tweet,Mas Urza,@UrzaMas,,,"#PLN,#PLNUntukIndonesia,#AcceleratingRenewableEnergy,#Swasembadaenergi,#TahunBaru2025",0,0,0,0,8,0,1/5/2025 7:46,,
1875705050200469598,"Selamat Tahun Baru 2025.

Energi Baru untuk Awal Perubahan
dan Semangat Keberlanjutan.

#PLN #PLNUntukIndonesia #AcceleratingRenewableEnergy #Swasembadaenergi
#TahunBaru2025",https://x.com/UP3_Saumlaki/status/1875705050200469598,tweet,PLN Saumlaki,@UP3_Saumlaki,,,"#PLN,#PLNUntukIndonesia,#AcceleratingRenewableEnergy,#Swasembadaenergi,#TahunBaru2025",0,0,0,0,13,0,1/5/2025 7:45,,
1875695490593132673,"EPISODE TERBARU RUANG CAKAP! 

Sekian purnama akhirnya update jugaak hihi!! 
Yu di denger saran dan kritik yang membangun boleh banget loh! 

https://t.co/B6oY7nNju3

#komunitaspodcaster #podcaster #TahunBaru2025 #Podcast",https://x.com/dillasdiary/status/1875695490593132673,tweet,Opay,@dillasdiary,Banten,,"#komunitaspodcaster,#podcaster,#TahunBaru2025,#Podcast",0,0,0,1,32,0,1/5/2025 7:07,,
1875690257083199492,"@kemendagri Selamat Tahun Baru!!

Mari kobarkan semangat baru demi wujudkan Indonesia maju

#tahunbaru2025
#kemendagri
#infokemendagri https://t.co/6XUrZVhFYH",https://x.com/wahrizalrr/status/1875690257083199492,tweet,Riski Rizal Wahyudi,@wahrizalrr,"Bali, Indonesia",@kemendagri,"#tahunbaru2025,#kemendagri,#infokemendagri",0,0,0,0,12,0,1/5/2025 6:46,https://pbs.twimg.com/media/GgfKWBbbQAAVKFG.jpg,
1875690178616160291,"@kemendagri Selamat Tahun Baru!!

Mari kobarkan semangat baru demi wujudkan Indonesia maju

@Kemendagri_RI @w_risaldi @titoka

#tahunbaru2025
#kemendagri
#infokemendagri https://t.co/VxedITdkpQ",https://x.com/wahrizalrr/status/1875690178616160291,tweet,Riski Rizal Wahyudi,@wahrizalrr,"Bali, Indonesia","@kemendagri,@Kemendagri_RI,@w_risaldi,@TitoKa","#tahunbaru2025,#kemendagri,#infokemendagri",0,0,0,0,18,0,1/5/2025 6:46,https://pbs.twimg.com/media/GgfKRWRa8AIdZ9M.jpg,
1875628172546658368,"SLOT MANIA Oleh Pragmatic Play Kalender Event

10 Januari 2024 - 13 Januari 2025
Total Hadiah 124.904.000.000,- 

#Dewatogel #PragmaticPlay #Turnamen #Ekslusif #slotmania #VIP #Februari #TahunBaru2025 #Januari https://t.co/fLEyq1k9jH",https://x.com/AugusBondek/status/1875628172546658368,tweet,augus bondek,@AugusBondek,,,"#Dewatogel,#PragmaticPlay,#Turnamen,#Ekslusif,#slotmania,#VIP,#Februari,#TahunBaru2025,#Januari",0,0,0,0,23,0,1/5/2025 2:39,https://pbs.twimg.com/media/GgeR4MZa8AI-DAg.png,
1875565123785634188,"Koalisi Ojol Nasional Apresiasi Polri atas Pengamanan Natal dan Tahun Baru yang Sukses

#Apresiasi #Polri #Natal2024 #Tahunbaru2025 #Pengamanan #KoalisiOjol https://t.co/SzkjzSq4S1",https://x.com/tribun_rakyat/status/1875565123785634188,tweet,Tribun Rakyat,@tribun_rakyat,Indonesia,,"#Apresiasi,#Polri,#Natal2024,#Tahunbaru2025,#Pengamanan,#KoalisiOjol",0,0,0,1,15,0,1/4/2025 22:29,https://pbs.twimg.com/ext_tw_video_thumb/1875565063001796611/pu/img/ktQqH2pQKg3nMuI9.jpg,https://video.twimg.com/ext_tw_video/1875565063001796611/pu/vid/avc1/1280x720/bINvuFta4Px7nif3.mp4?tag=12
1875563650582552804,"Nu'man Fauzi Apresiasi Polri atas Pengamanan Natal 2024 dan Tahun Baru 2025 yang Aman dan Damai

#Apresiasi #Polri #Natal2024 #Tahunbaru2025 #amandamai https://t.co/swSBGgyZUm",https://x.com/tribun_rakyat/status/1875563650582552804,tweet,Tribun Rakyat,@tribun_rakyat,Indonesia,,"#Apresiasi,#Polri,#Natal2024,#Tahunbaru2025,#amandamai",0,0,0,1,11,0,1/4/2025 22:23,https://pbs.twimg.com/ext_tw_video_thumb/1875563584627126272/pu/img/xLEJSMlGEg3IiEZ2.jpg,https://video.twimg.com/ext_tw_video/1875563584627126272/pu/vid/avc1/480x848/GGqP2MXvu1K0a0zp.mp4?tag=12
1875560810321473823,"Semua terwujud karena kerja sama dan sinergitas yang ada semoga kita semua selalu diberikan kesehatan keberkahan, selamat Natal dan tahun baru 2025, Tuhan memberkati kita semua, Aamiin.
#padahariini 
#natal2024 
#tahunbaru2025 
#gitj 
#PolrestaPati https://t.co/ij54Czbkak",https://x.com/S51ap2022/status/1875560810321473823,tweet,Satria 51ap,@S51ap2022,,,"#padahariini,#natal2024,#tahunbaru2025,#gitj,#PolrestaPati",0,0,0,1,1,0,1/4/2025 22:11,https://pbs.twimg.com/ext_tw_video_thumb/1875560399162265600/pu/img/APavGod0yeaZ5nkT.jpg,https://video.twimg.com/ext_tw_video/1875560399162265600/pu/vid/avc1/1280x720/v2zReo9wYRvZnjO6.mp4?tag=12
1875541931310363027,"🎤🌟 ""Selamat Tahun Baru! Nikmati suara merdu Nande Tigan, Mey Permata br Tarigan, dengan lagu-lagu Karo terbaiknya. Penyanyi hits dan berbakat ini selalu berhasil menyentuh hati pendengar. 🎶✨""
#NandeTigan #MeyPermata #LaguKaro #TahunBaru2025 #MusikTradisional https://t.co/dNSwPUKyrL",https://x.com/Sorotankaro/status/1875541931310363027,tweet,Sorotan_Karo,@Sorotankaro,"Karo, Sumatera Utara",,"#NandeTigan,#MeyPermata,#LaguKaro,#TahunBaru2025,#MusikTradisional",0,0,0,0,11,0,1/4/2025 20:56,https://pbs.twimg.com/ext_tw_video_thumb/1875541770706268160/pu/img/lAfHgXqFhKxuaedJ.jpg,https://video.twimg.com/ext_tw_video/1875541770706268160/pu/vid/avc1/704x1280/O6vbPWg2BT2J36LR.mp4?tag=12
1875533683488379275,"@Heraloebss Masuk sel, bsk ikut program dr Kemen Imipas ya biar kerjaan nya ga begal lg.

https://t.co/6w2Em53mHl

#Prabowo #Pemerintah #Kemen #KemenImpias #Negara #KasNegara #Weekend #Libur #TahunBaru #2025 #TahunBaru2025",https://x.com/Istamayaapriani/status/1875533683488379275,tweet,Istamaya apriani,@Istamayaapriani,,@Heraloebss,"#Prabowo,#Pemerintah,#Kemen,#KemenImpias,#Negara,#KasNegara,#Weekend,#Libur,#TahunBaru,#TahunBaru2025",0,0,0,0,4,0,1/4/2025 20:24,,
1875532703065682097,"@blvberriis Setoran Kemen Imipas bukan kaleng2 nih!

https://t.co/TM6R07ozZA

#Prabowo #Pemerintah #Kemen #KemenImpias #Negara #KasNegara #Weekend #Libur #TahunBaru #2025 #TahunBaru2025",https://x.com/Istamayaapriani/status/1875532703065682097,tweet,Istamaya apriani,@Istamayaapriani,,@blvberriis,"#Prabowo,#Pemerintah,#Kemen,#KemenImpias,#Negara,#KasNegara,#Weekend,#Libur,#TahunBaru,#TahunBaru2025",0,0,0,0,2,0,1/4/2025 20:20,,
1875532416863055907,"#SobatHebat 

Kira kira, harapan kamu di tahun 2025 apa nih? Sharing yuk..

#TahunBaru2025 https://t.co/VBWipGxbq8",https://x.com/utycampus/status/1875532416863055907,tweet,UTY (Official Account),@utycampus,"Yogyakarta, Indonesia",,"#SobatHebat,#TahunBaru2025",0,0,0,0,10,0,1/4/2025 20:19,https://pbs.twimg.com/ext_tw_video_thumb/1875532141192482816/pu/img/kWi9TuGFEPoesH8N.jpg,https://video.twimg.com/ext_tw_video/1875532141192482816/pu/vid/avc1/478x850/ZMjTn9T7GjVXb79r.mp4?tag=12
1875532119449202797,"https://t.co/6w2Em53mHl

Ini sih ide nya bagus..
Biar ada bekal waktu selesai hukuman nya.

#Prabowo #Pemerintah #Kemen #KemenImpias #Negara #KasNegara #Weekend #Libur #TahunBaru #2025 #TahunBaru2025",https://x.com/Istamayaapriani/status/1875532119449202797,tweet,Istamaya apriani,@Istamayaapriani,,,"#Prabowo,#Pemerintah,#Kemen,#KemenImpias,#Negara,#KasNegara,#Weekend,#Libur,#TahunBaru,#TahunBaru2025",0,0,0,0,8,0,1/4/2025 20:17,,
1875531875168760256,"https://t.co/TM6R07ozZA

Keren sih ini Kemen Imipas.. 👍👍

#Prabowo #Pemerintah #Kemen #KemenImpias #Negara #KasNegara #Weekend #Libur #TahunBaru #2025 #TahunBaru2025",https://x.com/Istamayaapriani/status/1875531875168760256,tweet,Istamaya apriani,@Istamayaapriani,,,"#Prabowo,#Pemerintah,#Kemen,#KemenImpias,#Negara,#KasNegara,#Weekend,#Libur,#TahunBaru,#TahunBaru2025",0,0,0,0,4,0,1/4/2025 20:16,,
1875530702319694095,"@intinyadeh Kemen Imipas ga nanggung2 setoran nya..

https://t.co/N1WiEF42kY

Keren ih.. 👍👍

#Prabowo #Pemerintah #Kemen #KemenImpias #Negara #KasNegara #Weekend #Libur #TahunBaru #2025 #TahunBaru2025",https://x.com/CalyaInshira/status/1875530702319694095,tweet,Calya Inshira,@CalyaInshira,,@intinyadeh,"#Prabowo,#Pemerintah,#Kemen,#KemenImpias,#Negara,#KasNegara,#Weekend,#Libur,#TahunBaru,#TahunBaru2025",0,0,0,0,4,0,1/4/2025 20:12,,
1875529027571871777,"@ilhampid @ListyoSigitP Siap2 masuk penjara nanti ikut program ini ya om..

https://t.co/9753QmPLG9

#Prabowo #Pemerintah #Kemen #KemenImpias #Negara #KasNegara #Weekend #Libur #TahunBaru #2025 #TahunBaru2025",https://x.com/CalyaInshira/status/1875529027571871777,tweet,Calya Inshira,@CalyaInshira,,"@ilhampid,@ListyoSigitP","#Prabowo,#Pemerintah,#Kemen,#KemenImpias,#Negara,#KasNegara,#Weekend,#Libur,#TahunBaru,#TahunBaru2025",0,0,0,0,5,0,1/4/2025 20:05,,
1875528431175397787,"@AnKiiim_ @ListyoSigitP @DivHumas_Polri Pada klarifikasi, kerja nyata kayak kemen Imipas ini deh..

https://t.co/N1WiEF42kY

#Prabowo #Pemerintah #Kemen #KemenImpias #Negara #KasNegara #Weekend #Libur #TahunBaru #2025 #TahunBaru2025",https://x.com/CalyaInshira/status/1875528431175397787,tweet,Calya Inshira,@CalyaInshira,,"@AnKiiim_,@ListyoSigitP,@DivHumas_Polri","#Prabowo,#Pemerintah,#Kemen,#KemenImpias,#Negara,#KasNegara,#Weekend,#Libur,#TahunBaru,#TahunBaru2025",0,0,0,0,6,0,1/4/2025 20:03,,
1875527437465088246,"@Heraloebss Ada2 aja..
mending baca berita ini aja deh gue

https://t.co/N1WiEF42kY

#Prabowo #Pemerintah #Kemen #KemenImpias #Negara #KasNegara #Weekend #Libur #TahunBaru #2025 #TahunBaru2025",https://x.com/CalyaInshira/status/1875527437465088246,tweet,Calya Inshira,@CalyaInshira,,@Heraloebss,"#Prabowo,#Pemerintah,#Kemen,#KemenImpias,#Negara,#KasNegara,#Weekend,#Libur,#TahunBaru,#TahunBaru2025",0,0,0,0,4,0,1/4/2025 19:59,,
1875527086900965405,"@dhemit_is_back @DivHumas_Polri @ListyoSigitP https://t.co/9753QmPLG9

Masuk penjara siap2 ikut program nya Kemen Imipas ya pak..

#Prabowo #Pemerintah #Kemen #KemenImpias #Negara #KasNegara #Weekend #Libur #TahunBaru #2025 #TahunBaru2025",https://x.com/CalyaInshira/status/1875527086900965405,tweet,Calya Inshira,@CalyaInshira,,"@dhemit_is_back,@DivHumas_Polri,@ListyoSigitP","#Prabowo,#Pemerintah,#Kemen,#KemenImpias,#Negara,#KasNegara,#Weekend,#Libur,#TahunBaru,#TahunBaru2025",0,0,0,0,3,0,1/4/2025 19:57,,
1875526044599644291,"@DokterTifa Baca berita ini aja dl bu..
Lg rame jg nih pencapaian Kemen Imipas

https://t.co/N1WiEF42kY

#Prabowo #Pemerintah #Kemen #KemenImpias #Negara #KasNegara #Weekend #Libur #TahunBaru #2025 #TahunBaru2025",https://x.com/CalyaInshira/status/1875526044599644291,tweet,Calya Inshira,@CalyaInshira,,@DokterTifa,"#Prabowo,#Pemerintah,#Kemen,#KemenImpias,#Negara,#KasNegara,#Weekend,#Libur,#TahunBaru,#TahunBaru2025",0,0,0,0,12,0,1/4/2025 19:53,,
1875525547394265456,"@fmuchtaar @TotalPolitikCom https://t.co/N1WiEF42kY

Keren nih kemen Imipas 👍👍

#Prabowo #Pemerintah #Kemen #KemenImpias #Negara #KasNegara #Weekend #Libur #TahunBaru #2025 #TahunBaru2025",https://x.com/CalyaInshira/status/1875525547394265456,tweet,Calya Inshira,@CalyaInshira,,"@fmuchtaar,@TotalPolitikCom","#Prabowo,#Pemerintah,#Kemen,#KemenImpias,#Negara,#KasNegara,#Weekend,#Libur,#TahunBaru,#TahunBaru2025",0,0,0,0,3,0,1/4/2025 19:51,,
1875524946673463334,"@berlianidris Klarifikasi nya kayak gini aja lgsg ksh bukti..

https://t.co/N1WiEF42kY

#Prabowo #Pemerintah #Kemen #KemenImpias #Negara #KasNegara #Weekend #Libur #TahunBaru #2025 #TahunBaru2025",https://x.com/CalyaInshira/status/1875524946673463334,tweet,Calya Inshira,@CalyaInshira,,@berlianidris,"#Prabowo,#Pemerintah,#Kemen,#KemenImpias,#Negara,#KasNegara,#Weekend,#Libur,#TahunBaru,#TahunBaru2025",0,0,0,0,4,0,1/4/2025 19:49,,
1875524545882608024,"@AdamSyahaha inget suasana bulan puasa waktu kecil dl..

https://t.co/9753QmPLG9

#Prabowo #Pemerintah #Kemen #KemenImpias #Negara #KasNegara #Weekend #Libur #TahunBaru #2025 #TahunBaru2025",https://x.com/CalyaInshira/status/1875524545882608024,tweet,Calya Inshira,@CalyaInshira,,@AdamSyahaha,"#Prabowo,#Pemerintah,#Kemen,#KemenImpias,#Negara,#KasNegara,#Weekend,#Libur,#TahunBaru,#TahunBaru2025",0,0,0,0,12,0,1/4/2025 19:47,,
1875524239333454259,"@txtdrbekasi https://t.co/N1WiEF42kY

Keren sih ini.. 👍👍

#Prabowo #Pemerintah #Kemen #KemenImpias #Negara #KasNegara #Weekend #Libur #TahunBaru #2025 #TahunBaru2025",https://x.com/CalyaInshira/status/1875524239333454259,tweet,Calya Inshira,@CalyaInshira,,@txtdrbekasi,"#Prabowo,#Pemerintah,#Kemen,#KemenImpias,#Negara,#KasNegara,#Weekend,#Libur,#TahunBaru,#TahunBaru2025",0,0,0,0,3,0,1/4/2025 19:46,,
1875523868313669847,"@folkshittmedia Masukin penjara biar bsk ikut program ini.. wkwkwk

https://t.co/9753QmPLG9

#Prabowo #Pemerintah #Kemen #KemenImpias #Negara #KasNegara #Weekend #Libur #TahunBaru #2025 #TahunBaru2025",https://x.com/CalyaInshira/status/1875523868313669847,tweet,Calya Inshira,@CalyaInshira,,@folkshittmedia,"#Prabowo,#Pemerintah,#Kemen,#KemenImpias,#Negara,#KasNegara,#Weekend,#Libur,#TahunBaru,#TahunBaru2025",0,0,0,0,3,0,1/4/2025 19:45,,
1875523542567243917,"@TonightShow_NET Baca berita ini aja deh klo gue.

https://t.co/9753QmPLG9

#Prabowo #Pemerintah #Kemen #KemenImpias #Negara #KasNegara #Weekend #Libur #TahunBaru #2025 #TahunBaru2025",https://x.com/CalyaInshira/status/1875523542567243917,tweet,Calya Inshira,@CalyaInshira,,@TonightShow_NET,"#Prabowo,#Pemerintah,#Kemen,#KemenImpias,#Negara,#KasNegara,#Weekend,#Libur,#TahunBaru,#TahunBaru2025",0,0,0,0,5,0,1/4/2025 19:43,,
1875523194393870693,"@kumparan Ga habis fikri..

https://t.co/N1WiEF42kY

#Prabowo #Pemerintah #Kemen #KemenImpias #Negara #KasNegara #Weekend #Libur #TahunBaru #2025 #TahunBaru2025",https://x.com/CalyaInshira/status/1875523194393870693,tweet,Calya Inshira,@CalyaInshira,,@kumparan,"#Prabowo,#Pemerintah,#Kemen,#KemenImpias,#Negara,#KasNegara,#Weekend,#Libur,#TahunBaru,#TahunBaru2025",0,0,0,0,4,0,1/4/2025 19:42,,
1875522460331970657,"@txtdrimedia https://t.co/N1WiEF42kY

Makin viral nih berita nya

#Prabowo #Pemerintah #Kemen #KemenImpias #Negara #KasNegara #Weekend #Libur #TahunBaru #2025 #TahunBaru2025",https://x.com/CalyaInshira/status/1875522460331970657,tweet,Calya Inshira,@CalyaInshira,,@txtdrimedia,"#Prabowo,#Pemerintah,#Kemen,#KemenImpias,#Negara,#KasNegara,#Weekend,#Libur,#TahunBaru,#TahunBaru2025",0,0,0,0,6,0,1/4/2025 19:39,,
1875522311035777147,"Semua terwujud karena kerja sama dan sinergitas yang ada semoga kita semua selalu diberikan kesehatan keberkahan, selamat Natal dan tahun baru 2025, Tuhan memberkati kita semua, Aamiin.
#padahariini 
#natal2024 
#tahunbaru2025 
#gitj 
#PolrestaPati https://t.co/DEz9yplAT4",https://x.com/MujiSutrisna/status/1875522311035777147,tweet,Muji Sutrisna,@MujiSutrisna,"Batangan, Central Java",,"#padahariini,#natal2024,#tahunbaru2025,#gitj,#PolrestaPati",0,0,0,0,13,0,1/4/2025 19:38,https://pbs.twimg.com/ext_tw_video_thumb/1875522083201150982/pu/img/kNstCvnyItfyTj0y.jpg,https://video.twimg.com/ext_tw_video/1875522083201150982/pu/vid/avc1/1280x720/Hbn4fmXLyYblrZU7.mp4?tag=12
1875522057267769414,"@cobeh2022 https://t.co/9753QmPLG9

Ketangkep auto ikut program ini deh besok

#Prabowo #Pemerintah #Kemen #KemenImpias #Negara #KasNegara #Weekend #Libur #TahunBaru #2025 #TahunBaru2025",https://x.com/CalyaInshira/status/1875522057267769414,tweet,Calya Inshira,@CalyaInshira,,@cobeh2022,"#Prabowo,#Pemerintah,#Kemen,#KemenImpias,#Negara,#KasNegara,#Weekend,#Libur,#TahunBaru,#TahunBaru2025",0,0,0,0,4,0,1/4/2025 19:37,,
1875521725557043473,"@TukangBedah00 Nyimak aja lah..

https://t.co/N1WiEF42kY

#Prabowo #Pemerintah #Kemen #KemenImpias #Negara #KasNegara #Weekend #Libur #TahunBaru #2025 #TahunBaru2025",https://x.com/CalyaInshira/status/1875521725557043473,tweet,Calya Inshira,@CalyaInshira,,@TukangBedah00,"#Prabowo,#Pemerintah,#Kemen,#KemenImpias,#Negara,#KasNegara,#Weekend,#Libur,#TahunBaru,#TahunBaru2025",0,0,0,0,4,0,1/4/2025 19:36,,
1875521087083311346,"https://t.co/9753QmPLG9

Lanjutkan pak mentri!!

#Prabowo #Pemerintah #Kemen #KemenImpias #Negara #KasNegara #Weekend #Libur #TahunBaru #2025 #TahunBaru2025",https://x.com/CalyaInshira/status/1875521087083311346,tweet,Calya Inshira,@CalyaInshira,,,"#Prabowo,#Pemerintah,#Kemen,#KemenImpias,#Negara,#KasNegara,#Weekend,#Libur,#TahunBaru,#TahunBaru2025",0,0,0,0,5,0,1/4/2025 19:34,,
1875520970737512723,"https://t.co/N1WiEF42kY

Keren sih ini.. 👍👍

#Prabowo #Pemerintah #Kemen #KemenImpias #Negara #KasNegara #Weekend #Libur #TahunBaru #2025 #TahunBaru2025",https://x.com/CalyaInshira/status/1875520970737512723,tweet,Calya Inshira,@CalyaInshira,,,"#Prabowo,#Pemerintah,#Kemen,#KemenImpias,#Negara,#KasNegara,#Weekend,#Libur,#TahunBaru,#TahunBaru2025",0,0,0,0,5,0,1/4/2025 19:33,,
1875517616149999640,"@fverocious https://t.co/4JCSbDzOpS

Kayak kemen Imipas ini ga pernah lelah narikin uang sebanyak ini buat di setor

#Prabowo #Pemerintah #Kemen #KemenImpias #Negara #KasNegara #Weekend #Libur #TahunBaru #2025 #TahunBaru2025",https://x.com/Patriciedwrd/status/1875517616149999640,tweet,Patricia Edward,@Patriciedwrd,,@fverocious,"#Prabowo,#Pemerintah,#Kemen,#KemenImpias,#Negara,#KasNegara,#Weekend,#Libur,#TahunBaru,#TahunBaru2025",0,0,0,0,4,0,1/4/2025 19:20,,
1875514668695036381,"@MurtadhaOne1 https://t.co/4JCSbDzOpS

Tenang di bantu sm kemen imipas nih..

#Prabowo #Pemerintah #Kemen #KemenImpias #Negara #KasNegara #Weekend #Libur #TahunBaru #2025 #TahunBaru2025",https://x.com/Patriciedwrd/status/1875514668695036381,tweet,Patricia Edward,@Patriciedwrd,,@MurtadhaOne1,"#Prabowo,#Pemerintah,#Kemen,#KemenImpias,#Negara,#KasNegara,#Weekend,#Libur,#TahunBaru,#TahunBaru2025",0,0,0,0,5,0,1/4/2025 19:08,,
1875499659554386191,"Sedalam itu perasaan mu sobat hahaha
makanya main nya di Mallbet.Official dong, biar bisa wd terus !!!
#mallbet #trending #bonuswelcome100 #bonus #claim #viral #konten #tiktok #facebook #pengikut #publik #HappyNewYear2025 #tahunbaru2025 #BONUS https://t.co/uhOfzOnNLg",https://x.com/MallbetId/status/1875499659554386191,tweet,Mallbet.Official,@MallbetId,,,"#mallbet,#trending,#bonuswelcome100,#bonus,#claim,#viral,#konten,#tiktok,#facebook,#pengikut,#publik,#HappyNewYear2025,#tahunbaru2025,#BONUS",0,0,0,0,20,0,1/4/2025 18:08,https://pbs.twimg.com/ext_tw_video_thumb/1875499610611052544/pu/img/xEq77EaeyRIpjnTj.jpg,https://video.twimg.com/ext_tw_video/1875499610611052544/pu/vid/avc1/720x1280/vJcSYF3QNjU8kGs7.mp4?tag=12
1875453446704525479,"Late post
Tugas organis pada Misa Tahun Baru (1 Januari 2025).
Lagu: Kemuliaan (Madah Bakti No. 197).
Koor: Lingkungan Yan Smith &amp; Sta. Bernadeta.
Dirigen: Andy Nong.

#TahunBaru2025 #MadahBakti #PelayananLiturgi #Kemuliaan #LiturgiKoor https://t.co/5Dat0S4GJV",https://x.com/SarkolP/status/1875453446704525479,tweet,Simon P. Sarkol,@SarkolP,"Papua, Indonesia",,"#TahunBaru2025,#MadahBakti,#PelayananLiturgi,#Kemuliaan,#LiturgiKoor",0,0,0,0,9,0,1/4/2025 15:05,https://pbs.twimg.com/ext_tw_video_thumb/1875452768145829889/pu/img/cHksWOy0Rr5rBfvP.jpg,https://video.twimg.com/ext_tw_video/1875452768145829889/pu/vid/avc1/720x1280/FiaG8HSqZA1yMTZr.mp4?tag=12
1875453277808275928,"Late post
Tugas organis pada Misa Tahun Baru (1 Januari 2025).
Lagu: Tuhan Kasihanilah (Madah Bakti No. 182).
Koor: Lingkungan Yang Smith &amp; Sta. Bernadeta.
Dirigen: Andy Nong.

#TahunBaru2025 #MadahBakti182 #TuhanKasihanilah #PelayananLiturgi https://t.co/iMH4nZwlJK",https://x.com/SarkolP/status/1875453277808275928,tweet,Simon P. Sarkol,@SarkolP,"Papua, Indonesia",,"#TahunBaru2025,#MadahBakti182,#TuhanKasihanilah,#PelayananLiturgi",0,0,0,0,4,0,1/4/2025 15:04,https://pbs.twimg.com/ext_tw_video_thumb/1875452801553412096/pu/img/VgmoMZ8U7JCirr4s.jpg,https://video.twimg.com/ext_tw_video/1875452801553412096/pu/vid/avc1/720x1280/e2U7_lrsb1lAeDxY.mp4?tag=12
1875450223327375798,"Penampilan Mulan Jam3ela di Awal Tahun 2025

📹 @mulanjameela1

#mulanjameela  #malamtahunbaru #tahunbaru2025 https://t.co/Sg6AMhSaV6",https://x.com/eventkeevent/status/1875450223327375798,tweet,Dari event ke Event,@eventkeevent,,@mulanjameela1,"#mulanjameela,#malamtahunbaru,#tahunbaru2025",0,0,0,0,7,1,1/4/2025 14:52,https://pbs.twimg.com/ext_tw_video_thumb/1875449717121019905/pu/img/ZJjuKwJQmXNPqH5j.jpg,https://video.twimg.com/ext_tw_video/1875449717121019905/pu/vid/avc1/720x1280/3nUUyenZ1JMrYy06.mp4?tag=12
1875447353081262124,"Penampilan Nadin Amizah di Urup 2025

📹 @cakecaine

#nadinamizah #urup2025 #malamtahunbaru #tahunbaru2025 https://t.co/EjX7Gt06lM",https://x.com/eventkeevent/status/1875447353081262124,tweet,Dari event ke Event,@eventkeevent,,,"#nadinamizah,#urup2025,#malamtahunbaru,#tahunbaru2025",0,0,0,0,29,0,1/4/2025 14:41,https://pbs.twimg.com/ext_tw_video_thumb/1875447036855906305/pu/img/yZ2Z9K_0PmjO9Zxl.jpg,https://video.twimg.com/ext_tw_video/1875447036855906305/pu/vid/avc1/720x1280/XOzy5kVGvZ1FO9CV.mp4?tag=12
1875444397900492864,"ada yang susah saat mau screenshot di laptop..? ikutin cara ini pasti  berhasil apapun laptopnya semua bisa..!!
https://t.co/2ejwHOqRtz
#video #2025 #tahunbaru2025 #tutorial #toponechannels #tweeter #indonesia #SSDF #LaptopFromHell #a https://t.co/h1yxapoT3c",https://x.com/urangsu48277399/status/1875444397900492864,tweet,urangsunda,@urangsu48277399,,,"#video,#tahunbaru2025,#tutorial,#toponechannels,#tweeter,#indonesia,#SSDF,#LaptopFromHell,#a",0,0,0,1,39,0,1/4/2025 14:29,https://pbs.twimg.com/media/GgbqGaja8AcBpBs.jpg,
1875440321288450494,"Manager Humas Daop 7 Madiun, Kuswardojo, menjelaskan puncak arus balik terjadi pada 1 Januari 2025 dengan 9.982 penumpang. #JatimNow #arusbalik #TahunBaru2025 #KAIDaop7 #Madiun
https://t.co/JMG2APnCma",https://x.com/jatimnowdotcom/status/1875440321288450494,tweet,Jatimnow.com,@jatimnowdotcom,Indonesia,,"#JatimNow,#arusbalik,#TahunBaru2025,#KAIDaop7,#Madiun",0,0,0,0,30,0,1/4/2025 14:13,,
1875433963415859213,"#Tahunbaru2025
#rabu(1-1-2025)
#Tgokwayangceritahantuindonesia
#dgnanakmurid
#permulaanbaruyggembira
#teachersayangsofea. https://t.co/YBeXeVmBpx",https://x.com/NurAtik80233740/status/1875433963415859213,tweet,Nur Atikah,@NurAtik80233740,,,"#Tahunbaru2025,#rabu,#Tgokwayangceritahantuindonesia,#dgnanakmurid,#permulaanbaruyggembira,#teachersayangsofea",0,0,0,0,9,0,1/4/2025 13:47,"https://pbs.twimg.com/media/GgbhPYga8AQu304.jpg,https://pbs.twimg.com/media/GgbhPbIa8AI0lTj.jpg,https://pbs.twimg.com/media/GgbhPl2a8AEOyTm.jpg,https://pbs.twimg.com/media/GgbhPjPbEAAgRhF.jpg",
1875417790934593554,"Semoga di tahun 2025 ini semua menjadi lebih baik lagi, aamiin 🤲🏻

#tahunbaru2025 #NewYear2025",https://x.com/tckjw018/status/1875417790934593554,tweet,😻,@tckjw018,Indonesia,,"#tahunbaru2025,#NewYear2025",0,0,0,1,5,0,1/4/2025 12:43,,
