,Tweet
0,yuk bikin tahun jadi milik dalam wujud impi sis n bro semangatbaru gaspol tahunbaru semangatsolidaritas solidaritastanpabatas indonesiamaju psi
1,mulai tahun cerdas simak tips resolusi uang tipskeuangan tabung tahunbaru resolusi
2,kirim dipan meja rias jakartauntuk mesan hubung kontidak bawah ya jl nasional blora-cepu watulumbung jiken kec jiken kab blora jawa tengah dipan mejarias tahunbaru awaltahun
3,sama wujud visi rektor its bawa kampus tuju masa depan lebih gemilang itscampus itssurabaya itsworldclassuniversity vivat pidatoawaltahun tahunbaru
4,terimakasih belum buat tahun aku banyak ajar lama aku isolasi alias hibernasi dan sekarang sambut penuh gembira semangat baru juang tuju baik masa yang baik tuhan  bandung tahunbaru
5,maklumaninfo khidmat perpustidakaan umskal tahun tahunbaru perpustidakaanumskal
6,dukung asta cita presiden prabowopolsek tptm gelar suluh anti narkoba smpn tanah putih tanjung lawan salampresisi polisiindonesia antinarkoba tahunbaru fyp jangkauanluas semuaorang sorot
7,electrizendimulai langkah kecil nyala ubah energi baru saat siap songsong masa depan semangat lanjut selamat tahun baru  pln plnuntukindonesia acceleratingrenewableenergy swasembadaenergi tahunbaru
8,jenguk warga cibingbin blok wage rumah bakar peduliumatmelayanirakyat pkbisaolusibangsa tahunbaru cakiminow hasanuddinwahid jazilulfawaid real syaifulhooda hanifdhakiri cucunsyamsurijal idafauziyahnu halimiskandarnu ajam acep jamaludin dpp pkb
9,jalan ulurujangan lupa payung abu-abuselamat sambut tahun barusemoga semua sukses selaluselamat tahun baru salam diplomasi inidiplomasi indonesiainperth tahunbaru wrapped kjriprestasi
10,electrizen hidup awal buah mimpi selamat tahun baru energi baru awal perubahandan semangat lanjut pln plnuntukindonesia acceleratingrenewableenergy swasembadaenergi tahunbaru
11,electrizen hidup awal buah mimpi selamat tahun baru energi baru awal perubahandan semangat lanjut pln plnuntukindonesia acceleratingrenewableenergy swasembadaenergi tahunbaru
12,tambah pasu mu goto klik link nya sekarang link california trump jisoo lingormxsmootheendsitall slot kamis pagi viral viralvideo viralvideos indonesia tahunbaru
13,tim manajemen marcapada brilian ucap selamat tahun baru kalian semua moga tahun jadi tahun penuh semangat ceria tentu penuh sempat wujud cita kalian tahunbaru semangatbaru meraihcitacita marcapadabrilian
14,yayasanpahang januari antan - majlis amanat tahun baru yp kumpul yh dato indera mahmud mohd nawawi ketua pegawai eksekutif yayasan pahang ypu yayasanpahang amanat tahunbaru
15,januari antan - majlis amanat tahun baru yp kumpul yh dato indera mahmud mohd nawawi ketua pegawai eksekutif yayasan pahang ypu yayasanpahang amanat tahunbaru
16,jom tengok packing al-quran an naim ukir nama lt pustidakadaruliman tahunbaru hantarantunang alquranukirannama
17,tahun lalu resolusi realisasi abisaen dulu tenang yuk set ulang goals kamu tahun  tahunbaru newyear tahunbaru resolusitahunbaru jelajailokalsoloraya aglonesia kadinsurakarta
18,selamat tahun baru sahabatfrekuensi  balai monitor spektrum frekuensi siap dukung konektivitas komunikasi aman lancar sesuai regulasi indonesia maju tahun baru tahunbaru recap frekuensisatukannegeri komdigi
19,adik ipar juga sangat - azza karumaaku punya orang adik ipar nama fatoni umur finansial kira sudah layak sangat namun nyata shintaeyongdipecat novelrekomend ceritadewasa novelcore tahunbaru fiksi
20,aku kamu tahunbaru hotelsantikabanyuwangi libur jalanjalan jawat pulaumerah akudankamu separuhnafas
21,tugas parkir gaco raup omset kotor hingga rp juta lama libur tahun baru libur gaco tahunbaru tahunbaru kabarterdepan
22,moga tahun baru banyak bawa berkah bahagia kita semua  tahunbaru
23,ajar strategi pasar digital jangkau konsumen lebih luas efektif daftar sekarang digital digitalassets businesstips trainingtogether latih tahunbaru tahunbaru bcstrategy marketingsuccess
24,temu medan - bimoli klasik pouch minyak goreng  ml pcs blibli diskon  harga jadi rp coba buka link-nya deh blibli tahunbaru minyakgoreng viralterbaru voucher
25,lebih sehat amp cantikhi guardian angels dia biasa ingin mingu laku hidup lebih sehat amp cantik kalo kamu mau mulai biasa baik apa nih comment bawah yuk resolusi tahunbaru serudiguardian
26,hifriends apa kabar nih hari senin pertama tahun  makin seru rasa haru udah ganti tahun baru ceritain himin dong kolom komentar indosathifi tahunbaru berasakoneksinya
27,mengapa hari esok baik sja bangga pd diri sdiriyg lama mau tahan dg gaduh fikiran yg sengaja km laku philosogi of overthinking tahunbaruke enam
28,tahun baru promo baru nikmat free putien seaweed mini shrimps putien puri indah mall cuma laku - januari  yuk jangan lewat fujian specialty bikin nagih cek info sekarang promoputien tahunbaru seafoodlovers
29, selamat tahun baru   kita sambut tahun dengan semangat baru capai mandiri finansial waktu rencana investasi wujud impi finansial kemandirianfinansial tahunbaru goals finansialcerdas
30,awal tahun baru energi maksimal dynex solusi baik forklift bisnis anda tahunbaru fyppp baterai bateraiforklift bpsi viral
31,aiptu nana ajar qur an warga jambi saling bantu baik salampresisi polisiindonesia poldariau tahunbaru fyp jangkauanluas semuaorang sorot
32,aiptu gusti polisi tari ajar seni klungkung bal salampresisi polisiindonesia poldariau tahunbaru fyp jangkauanluas semuaorang sorot
33,awal tahun awal tragedi milu serang brutal kamp ungsi jabalia gaza utara tewas luka banyak anak dosa rabu mereka hilang rumah keluarga harap fyp viralvideos newyear tahunbaru trending
34,salam sobatkristenapel perdana semangat baru langkah sama hari senin januari ditjen bimas kristen mulai jalan tahun baru penuh semangat komitmen lalu apel perdana kemenag bimaskristen semangatbarulangkahbersama tahunbaru
35,tahun hasil lewat juang sama moga tahun jadi langkah baru semangat jalan luar biasa pln plnuntukindonesia acceleratingrenewableenergy swasembadaenergi tahunbaru plnsiaganataru
36,electrizen hidup awal buah mimpi bawa yakin raih buah tuju selamat tahun baru energi baru awal perubahandan semangat lanjut pln plnuntukindonesia acceleratingrenewableenergy swasembadaenergi tahunbaru
37,energi baru awal perubahandan semangat lanjut pln plnuntukindonesia acceleratingrenewableenergy swasembadaenergi tahunbaru
38,energi baru awal perubahandan semangat lanjut pln plnuntukindonesia acceleratingrenewableenergy swasembadaenergi tahunbaru
39,selamat tahun baru energi baru awal perubahandan semangat lanjut pln plnuntukindonesia acceleratingrenewableenergy swasembadaenergi tahunbaru
40,kece sedia bahan pokok butuh masyarakat kesetabilan harga bahan pokok lama raya natal tahun baru poldajateng polrestapati tahunbaru ekspresikandengancapcut capcut
41,makin depan youtube tukangsampahberdasi tahunbaru tahunbaru kranji kranjibekasi bekas bekasihits bekasibarat bekasiinfo laundry laundrykiloan cucikiloan loundrykiloan loundrysepatu sepatu selimut sprei sepatuoriginal kreatif cucisepatujakarta
42,januari pemuda jayasakti gelar syukur amp doa sama ketua knpi mesuji hadir semarak sama tahunbaru pemudabersatu knpimesuji
43,makin depan youtube tukangsampahberdasi tahunbaru tahunbaru kranji kranjibekasi bekas bekasihits bekasibarat bekasiinfo laundry laundrykiloan cucikiloan loundrykiloan loundrysepatu sepatu selimut sprei sepatuoriginal
44,azam tahun baru uqafy fyp ustazah ustazahqurrotulaien fyp ustazahqurrotulaienfatahyasin azam tahunbaru tahunbaru longervideos livehighlights tiktoklive live
45,himakiuny himaki himakiabirama tahunbaru
46,new douyin makeup transformation trend amazing tutorial douyin makeup beauty tiktoker trend tahunbaru transformation
47,powernet hadir event turnamen gacor tahun baru  langsung mulai januari s d januari total hadiah besar  promosi sekarang klik link bio powernet tahunbaru
48,ahok anies akrab tahun baru amat jadi dukung kuat pramono-rano beritanasional minggu ahok aniesbaswedan tahunbaru pramonoanung ranokarno gubernurdkijakarta
49,pernah gk teman rasa seru atas perahu kayak gin tahunbaru pantaiwaemarassatarmesebaratmanggarainttindonesia
50,kab tegal - jateng  rabu giat pmi kab tegal pam natal tahun baru nataru lokasi pos sehat rest area a taruk adiwerna pos obyek wisata guci pmiselalubantu pamnataru tahunbaru pmikabtegal
51, bak kata orang new year new me lawak kampus gs store kadokawagempakstarz gempakstarz kgs lawakkampus lawakkampus keith selamattahunbaru tahunbaru tahun
52,kadang miris lihat lansia cari nafkah tidak kuat pas usia muda lihat sudah kurang tahunbaru
53,jadwal film spesial tahun baru transtv trans hari minggu januari film tahunbaru
54,berita minggu pagi peran polisi jombang jaga aman tertib lama natal tahun baru tempo hari dapat apresiasi ulama natal tahunbaru nataru polri polresjombang jombang ulama
55,selamat tahun baru energi baru awal perubahandan semangat lanjut pln plnuntukindonesia acceleratingrenewableenergy swasembadaenergi tahunbaru
56,selamat tahun baru energi baru awal perubahandan semangat lanjut pln plnuntukindonesia acceleratingrenewableenergy swasembadaenergi tahunbaru
57,episode baru ruang cakap sekian purnama akhir update jugaak hihi yu denger saran kritik bangun sekali loh komunitaspodcaster podcaster tahunbaru podcast
58,kemendagri selamat tahun baru mari kobar semangat baru wujud indonesia maju tahunbaru kemendagri infokemendagri
59,kemendagri selamat tahun baru mari kobar semangat baru wujud indonesia maju kemendagri ri w risaldi titoka tahunbaru kemendagri infokemendagri
60,slot mania pragmatic play kalender event januari - januari total hadiah - dewatogel pragmaticplay turnamen ekslusif slotmania vip februari tahunbaru januari
61,koalisi ojol nasional apresiasi polri atas aman natal tahun baru sukses apresiasi polri natal tahunbaru aman koalisiojol
62,nu man fauzi apresiasi polri atas aman natal tahun baru aman damai apresiasi polri natal tahunbaru amandamai
63,semua wujud kerja sama sinergitas ada moga semua selalu beri sehat berkah selamat natal tahun baru tuhan kati semua aamiin padahariini natal tahunbaru gitj polrestapati
64,selamat tahun baru nikmat suara merdu nande tigan mey permata br tarigan lagu karo baik nyanyi hits bakat selalu hasil sentuh hati dengar  nandetigan meypermata lagukaro tahunbaru musiktradisional
65,heraloebisas masuk sel bisak ikut program dr kemen imipas biar kerja nya ga begal lg prabowo perintah kemen kesangatmpias negara kasnegara weekend libur tahunbaru tahunbaru
66,blvberriis setor kemen imipas bukan kaleng nih prabowo perintah kemen kesangatmpias negara kasnegara weekend libur tahunbaru tahunbaru
67,sobathebat kira kira harap kamu tahun apa nih sharing yuk tahunbaru
68,sih ide nya bagus biar bekal waktu selesai hukum nya prabowo perintah kemen kesangatmpias negara kasnegara weekend libur tahunbaru tahunbaru
69,sih kemen imipas prabowo perintah kemen kesangatmpias negara kasnegara weekend libur tahunbaru tahunbaru
70,intinyadeh kemen imipas ga nanggung setor nya ih prabowo perintah kemen kesangatmpias negara kasnegara weekend libur tahunbaru tahunbaru
71,ilhampid listyosigitp siap masuk penjara ikut program ya om prabowo perintah kemen kesangatmpias negara kasnegara weekend libur tahunbaru tahunbaru
72,ankiiim listyosigitp divhumas polri klarifikasi kerja nyata kayak kemen imipas deh prabowo perintah kemen kesangatmpias negara kasnegara weekend libur tahunbaru tahunbaru
73,heraloebisas ada aja mending baca berita aja deh gue prabowo perintah kemen kesangatmpias negara kasnegara weekend libur tahunbaru tahunbaru
74,dhemit is back divhumas polri listyosigitp penjara siap ikut program nya kemen imipas pak prabowo perintah kemen kesangatmpias negara kasnegara weekend libur tahunbaru tahunbaru
75,doktertifa baca berita aja dl bu lg rame jg nih capai kemen imipas prabowo perintah kemen kesangatmpias negara kasnegara weekend libur tahunbaru tahunbaru
76,fmuchtaar totalpolitikcom nih kemen imipas prabowo perintah kemen kesangatmpias negara kasnegara weekend libur tahunbaru tahunbaru
77,berlianidris klarifikasi nya kayak gin aja lgsg ksh bukti prabowo perintah kemen kesangatmpias negara kasnegara weekend libur tahunbaru tahunbaru
78,adamsyahaha inget suasana bulan puasa waktu kecil dl prabowo perintah kemen kesangatmpias negara kasnegara weekend libur tahunbaru tahunbaru
79,txtdrbekasi sih ini prabowo perintah kemen kesangatmpias negara kasnegara weekend libur tahunbaru tahunbaru
80,folkshittmedia masukin penjara biar bisak ikut program ini wkwkwk prabowo perintah kemen kesangatmpias negara kasnegara weekend libur tahunbaru tahunbaru
81,tonightshow net baca berita aja deh klo gue prabowo perintah kemen kesangatmpias negara kasnegara weekend libur tahunbaru tahunbaru
82,kumpar ga habis fikri prabowo perintah kemen kesangatmpias negara kasnegara weekend libur tahunbaru tahunbaru
83,txtdrimedia viral nih berita nya prabowo perintah kemen kesangatmpias negara kasnegara weekend libur tahunbaru tahunbaru
84,semua wujud kerja sama sinergitas ada moga semua selalu beri sehat berkah selamat natal tahun baru tuhan kati semua aamiin padahariini natal tahunbaru gitj polrestapati
85,cobeh auto ikut program deh besok prabowo perintah kemen kesangatmpias negara kasnegara weekend libur tahunbaru tahunbaru
86,tukangbedah nyimak aja lah prabowo perintah kemen kesangatmpias negara kasnegara weekend libur tahunbaru tahunbaru
87,pak tri prabowo perintah kemen kesangatmpias negara kasnegara weekend libur tahunbaru tahunbaru
88,sih ini prabowo perintah kemen kesangatmpias negara kasnegara weekend libur tahunbaru tahunbaru
89,fverocious kemen imipas ga pernah lelah narikin uang banyak buat setor prabowo perintah kemen kesangatmpias negara kasnegara weekend libur tahunbaru tahunbaru
90,murtadhaone bantu sm kemen imipas nih prabowo perintah kemen kesangatmpias negara kasnegara weekend libur tahunbaru tahunbaru
91,dalam asa mu sobat hahahamakanya main nya mallbet official dong biar wd terus  mallbet trending bonuswelcome bonus claim viral konten tiktok facebook ikut publik happynewyear tahunbaru bonus
92,late posttugas organis misa tahun baru  januari lagu mulia madah bakti no koor lingkung yan smith amp sta bernadeta dirigen andy nong tahunbaru madahbakti pelayananliturgi mulia liturgikoor
93,late posttugas organis misa tahun baru  januari lagu tuhan kasihan madah bakti no koor lingkung smith amp sta bernadeta dirigen andy nong tahunbaru madahbakti tuhankasihanilah pelayananliturgi
94,tampil mulan jamela awal tahun mulanjameela mulanjameela malamtahunbaru tahunbaru
95,tampil nadin amizah urup cakecaine nadinamizah urup malamtahunbaru tahunbaru
96,yang susah mau screenshot laptop ikutin cara pasti hasil apa laptop semua bisa video tahunbaru tutorial toponechannels tweeter indonesia ssdf laptopfromhell a
97,manager humas daop madiun kuswardojo jelas puncak arus balik jadi januari  tumpang jatimnow arusbalik tahunbaru kaidaop madiun
98,tahunbaru rabu -- tgokwayangceritahantuindonesia dengananakmurid permulaanbaruyggembira teachersayangsofea
99,moga tahun semua jadi lebih baik aamiin  tahunbaru newyear
