,Tweet,Sentimen
0,yuk bikin tahun  jadi milik dalam mewujudkan impian sis ‘n bro..🫶  semangatbaru gaspol tahunbaru semangatsolidaritas solidaritastanpabatas  indonesiamaju psi ,
1,mulai tahun cerdas simak  tips resolusi keuangan   tipskeuangan  tabungan  tahunbaru  resolusi,
2,kirim dipan meja rias jakartauntuk pemesanan hubungi kontidak dibawah ya!jl. nasional blora-cepu watulumbung jiken kec. jiken kab. blora jawa tengah. dipan  mejarias  tahunbaru  awaltahun ,
3,bersama-sama mewujudkan visi rektor its membawa kampus menuju masa depan lebih gemilang! itscampus itssurabaya itsworldclassuniversity vivat pidatoawaltahun tahunbaru,
4,terimakasih sebelumnya buat  tahun aku banyak pelajaran selama aku berisolasi alias hibernasi.dan sekarang menyambut  penuh kegembiraan semangat baru berjuang menuju baik masa yang terbaik tuhan 🥰🥳 bandung  tahunbaru ,
5,maklumaninfo perkhidmatan perpustidakaan umskal tahun  tahunbaru perpustidakaanumskal ,
6,dukung asta cita presiden prabowopolsek tptm gelar penyuluhan anti narkoba smpn  tanah putih tanjung melawan salampresisi  polisiindonesia  antinarkoba  tahunbaru  fyp   jangkauanluas  semuaorang  sorotan ,
7,electrizendimulai langkah kecil nyalakan perubahan energi baru. saatnya bersiap menyongsong masa depan semangat keberlanjutan.selamat tahun baru . pln  plnuntukindonesia  acceleratingrenewableenergy  swasembadaenergi tahunbaru ,
8,menjenguk warga cibingbin blok wage rumahnya kebakaran peduliumatmelayanirakyat pkbisaolusibangsa tahunbaru@cakiminow@hasanuddinwahid@jazilulfawaid_real@syaifulhooda@hanifdhakiri@cucunsyamsurijal@idafauziyahnu@halimiskandarnu@ajam_acep_jamaludin@dpp_pkb ,
9,jalan-jalan ulurujangan lupa payung abu-abuselamat menyambut tahun barusemoga semua sukses selaluselamat tahun baru salam diplomasi! inidiplomasi  indonesiainperth  tahunbaru  wrapped  kjriprestasi ,
10,electrizen hidup berawal sebuah mimpi.selamat tahun baru .energi baru awal perubahandan semangat keberlanjutan. pln  plnuntukindonesia  acceleratingrenewableenergy  swasembadaenergi tahunbaru ,
11,electrizen hidup berawal sebuah mimpi.selamat tahun baru .energi baru awal perubahandan semangat keberlanjutan. pln  plnuntukindonesia  acceleratingrenewableenergy  swasembadaenergi tahunbaru ,
12,tambah pemasukan mu goto  klik link nya sekarang link   california  trump  jisoo  lingormxsmootheendsitall  slot  kamis  pagi  viral   viralvideo  viralvideos  indonesia  tahunbaru ,
13,tim manajemen marcapada brilian mengucapkan selamat tahun baru kalian semua! semoga tahun jadi tahun penuh semangat keceriaan tentunya penuh kesempatan mewujudkan cita-cita kalian. tahunbaru  semangatbaru  meraihcitacita  marcapadabrilian ,
14,yayasanpahang  januari kuantan - majlis amanat tahun baru  yp kumpulan yh dato' indera mahmud mohd nawawi ketua pegawai eksekutif yayasan pahang. ypu  yayasanpahang  amanat  tahunbaru ,
15, januari kuantan - majlis amanat tahun baru  yp kumpulan yh dato' indera mahmud mohd nawawi ketua pegawai eksekutif yayasan pahang. ypu  yayasanpahang  amanat  tahunbaru ,
16,jom tengok packing al-quran an naim ukiran nama &lt; pustidakadaruliman  tahunbaru  hantarantunang  alquranukirannama ,
17,tahun lalu resolusinya terealisasi abisaen dulu!‍♂️tenang..yuk set ulang goals kamu tahun ! tahunbaru  newyear  tahunbaru  resolusitahunbaru  jelajailokalsoloraya  aglonesia  kadinsurakarta,
18,selamat tahun baru   sahabatfrekuensi! ✨  balai monitor spektrum frekuensi siap mendukung konektivitas komunikasi aman lancar sesuai regulasi indonesia maju tahun baru!    tahunbaru  recap  frekuensisatukannegeri  komdigi ,
19,adik iparku juga sangatkah  - azza karumaaku punya seorang adik ipar namanya fatoni. umur finansial kukira sudah layak sangatkah.namun ternyata...  shintaeyongdipecat  novelrekomend  ceritadewasa  novelcore  tahunbaru  fiksi ,
20,aku kamu  tahunbaru  hotelsantikabanyuwangi  liburan  jalanjalan  jawatan  pulaumerah  akudankamu  separuhnafas ,
21,petugas parkir gacoan raup omset kotor hingga rp  juta selama liburan tahun baru liburan  gacoan  tahunbaru  tahunbaru  kabarterdepan,
22,semoga tahun baru  banyak membawa keberkahan kebahagiaan kita semua ✨ tahunbaru ,
23,pelajari strategi pemasaran digital menjangkau konsumen lebih luas efektif. daftar sekarang  digital  digitalassets  businesstips  trainingtogether  pelatihan  tahunbaru  tahunbaru  bcstrategy  marketingsuccess ,
24,temukan medan - bimoli klasik pouch minyak goreng [ ml/ pcs] blibli diskon % harganya jadi rp.! coba buka link-nya deh  blibli  tahunbaru  minyakgoreng  viralterbaru  voucher,
25, lebih sehat &amp; cantikhi guardian angels! dia kebiasaan ingin mingu lakukan  hidup lebih sehat &amp; cantik!kalo kamu mau mulai kebiasaan baik apa nih comment bawah yuk! resolusi  tahunbaru  serudiguardian ,
26,hifriends! apa kabarnya nih hari senin pertama tahun 🤩✨ makin seru kerasa haru udah ganti tahun baru ceritain himin dong kolom komentar~  indosathifi  tahunbaru  berasakoneksinya ,
27,mengapa hari esok baik sja.berbanggalah pd dirimu sdiriyg selama mau bertahan dg gaduhan fikiran yg sengaja km lakukan../philosogi of overthinking/ tahunbaruke enam,
28, tahun baru promo baru! nikmati free putien seaweed mini shrimps putien puri indah mall! cuma berlaku - januari . yuk jangan kelewatan fujian specialty bikin nagih!  cek infonya sekarang  promoputien  tahunbaru  seafoodlovers,
29,✨ selamat tahun baru ! ✨  kita sambut tahun dengan semangat baru mencapai *kemandirian finansial*!   waktunya merencanakan berinvestasi mewujudkan impian finansialmu.    kemandirianfinansial  tahunbaru  goals  finansialcerdas ,
30,awali tahun baru energi maksimal! dynex solusi terbaik forklift bisnis anda! tahunbaru    fyppp  baterai bateraiforklift  bpsi  viral ,
31,aiptu nana ajarkan qur'an warga jambi saling bantu kebaikan salampresisi  polisiindonesia  poldariau  tahunbaru  fyp   jangkauanluas  semuaorang  sorotan ,
32,aiptu gusti polisi penari ajarkan kesenian klungkung bali salampresisi  polisiindonesia  poldariau  tahunbaru  fyp   jangkauanluas  semuaorang  sorotan ,
33,awal tahun diawali tragedi memilukan. serangan brutal kamp pengungsian jabalia gaza utara menewaskan melukai banyak anak berdosa. rabu (//)mereka kehilangan rumah keluarga harapan. fyp  viralvideos  newyear  tahunbaru  trending ,
34,salam  sobatkristenapel perdana  semangat baru langkah bersama!hari senin  januari  ditjen bimas kristen memulai perjalanan tahun baru penuh semangat komitmen melalui apel perdana. kemenag  bimaskristen  semangatbarulangkahbersama  tahunbaru ,
35,tahun  berhasil dilewati perjuangan kebersamaan. semoga tahun  menjadi langkah baru semangat perjalanan luar biasa. pln  plnuntukindonesia  acceleratingrenewableenergy  swasembadaenergi  tahunbaru  plnsiaganataru,
36,electrizen hidup berawal sebuah mimpi. membawa keyakinan meraih sebuah tujuan.selamat tahun baru .energi baru awal perubahandan semangat keberlanjutan. pln  plnuntukindonesia  acceleratingrenewableenergy  swasembadaenergi tahunbaru ,
37,energi baru awal perubahandan semangat keberlanjutan. pln  plnuntukindonesia  acceleratingrenewableenergy  swasembadaenergi tahunbaru,
38,energi baru awal perubahandan semangat keberlanjutan. pln  plnuntukindonesia  acceleratingrenewableenergy  swasembadaenergi tahunbaru,
39,selamat tahun baru .energi baru awal perubahandan semangat keberlanjutan. pln  plnuntukindonesia  acceleratingrenewableenergy  swasembadaenergi tahunbaru ,
40,pengecekan ketersediaan bahan pokok kebutuhan masyarakat kesetabilan harga bahan pokok selama perayaan natal tahun baru. poldajateng  polrestapati  tahunbaru  ekspresikandengancapcut  capcut ,
41, semakin terdepan youtube  tukangsampahberdasi  tahunbaru  tahunbaru  kranji  kranjibekasi  bekasi  bekasihits  bekasibarat  bekasiinfo  laundry  laundrykiloan  cucikiloan  loundrykiloan  loundrysepatu  sepatu  selimut  sprei  sepatuoriginal  kreatif  cucisepatujakarta ,
42, januari  pemuda jayasakti gelar syukuran &amp; doa bersama. ketua knpi mesuji hadir semarakkan kebersamaan! tahunbaru  pemudabersatu  knpimesuji ,
43, semakin terdepan youtube  tukangsampahberdasi  tahunbaru  tahunbaru  kranji  kranjibekasi  bekasi  bekasihits  bekasibarat  bekasiinfo  laundry  laundrykiloan  cucikiloan  loundrykiloan  loundrysepatu  sepatu  selimut  sprei  sepatuoriginal  ,
44,azam tahun baru uqafy  fypシ  ustazah  ustazahqurrotulaien  fyp  ustazahqurrotulaienfatahyasin  azam  tahunbaru  tahunbaru  longervideos  livehighlights  tiktoklive  live ,
45, himakiuny himaki himakiabirama tahunbaru,
46,new douyin makeup transformation trend✨amazing tutorial  douyin  makeup  beauty  tiktoker  trend  tahunbaru  transformation ,
47,"powernet menghadirkan event ""turnamen gacor tahun baruan "" berlangsung mulai  januari  s/d  januari  total hadiah sebesar ..!   promosinya sekarang! klik link bio! powernet  tahunbaru ",
48,ahok anies akrab tahun baru pengamat jadi dukungan kuat pramono-rano beritanasional  minggu  ahok  aniesbaswedan  tahunbaru  pramonoanung  ranokarno  gubernurdkijakarta  ,
49,pernah gk teman-teman merasakan keseruan diatas perahu kayak gini  tahunbaru pantaiwaemarassatarmesebaratmanggarainttindonesia ,
50,kab. tegal - jateng | rabu (//).giat pmi kab. tegal pam natal  tahun baru  (nataru) lokasi  pos kesehatan rest area a penarukan adiwerna pos obyek wisata guci. pmiselalubantu pamnataru tahunbaru pmikabtegal ,
51,✨ bak kata orang.... 'new year new me' ✨lawak kampus  gs store  kadokawagempakstarz  gempakstarz  kgs  lawakkampus  lawakkampus  keith  selamattahunbaru  tahunbaru  tahun ,
52,kadang miris melihat lansia mencari nafkah tidak sekuat pas usia muda penglihatan sudah berkurang.  tahunbaru ,
53, jadwal film spesial tahun baru  transtv trans hari minggu  januari  film tahunbaru,
54,berita minggu pagi peran polisi jombang menjaga keamanan ketertiban selama natal tahun baru tempo hari mendapat apresiasi ulama. natal  tahunbaru  nataru  polri  polresjombang  jombang  ulama,
55,selamat tahun baru .energi baru awal perubahandan semangat keberlanjutan. pln  plnuntukindonesia  acceleratingrenewableenergy  swasembadaenergi tahunbaru,
56,selamat tahun baru .energi baru awal perubahandan semangat keberlanjutan. pln  plnuntukindonesia  acceleratingrenewableenergy  swasembadaenergi tahunbaru,
57,episode terbaru ruang cakap! sekian purnama akhirnya update jugaak hihi!! yu denger saran kritik membangun sekali loh!  komunitaspodcaster  podcaster  tahunbaru  podcast,
58,@kemendagri selamat tahun baru!!mari kobarkan semangat baru wujudkan indonesia maju tahunbaru kemendagri infokemendagri ,
59,@kemendagri selamat tahun baru!!mari kobarkan semangat baru wujudkan indonesia maju@kemendagri_ri @w_risaldi @titoka tahunbaru kemendagri infokemendagri ,
60,slot mania pragmatic play kalender event januari  -  januari total hadiah ...-  dewatogel  pragmaticplay  turnamen  ekslusif  slotmania  vip  februari  tahunbaru  januari ,
61,koalisi ojol nasional apresiasi polri atas pengamanan natal tahun baru sukses apresiasi  polri  natal  tahunbaru  pengamanan  koalisiojol ,
62,nu'man fauzi apresiasi polri atas pengamanan natal  tahun baru  aman damai apresiasi  polri  natal  tahunbaru  amandamai ,
63,semua terwujud kerja sama sinergitas ada semoga semua selalu diberikan kesehatan keberkahan selamat natal tahun baru  tuhan memberkati semua aamiin. padahariini  natal  tahunbaru  gitj  polrestapati ,
64," ""selamat tahun baru! nikmati suara merdu nande tigan mey permata br tarigan lagu-lagu karo terbaiknya. penyanyi hits berbakat selalu berhasil menyentuh hati pendengar. ✨"" nandetigan  meypermata  lagukaro  tahunbaru  musiktradisional ",
65,@heraloebisas masuk sel bisak ikut program dr kemen imipas biar kerjaan nya ga begal lg. prabowo  pemerintah  kemen  kesangatmpias  negara  kasnegara  weekend  libur  tahunbaru    tahunbaru,
66,@blvberriis setoran kemen imipas bukan kaleng nih! prabowo  pemerintah  kemen  kesangatmpias  negara  kasnegara  weekend  libur  tahunbaru    tahunbaru,
67, sobathebat kira kira harapan kamu tahun  apa nih sharing yuk.. tahunbaru ,
68, sih ide nya bagus..biar bekal waktu selesai hukuman nya. prabowo  pemerintah  kemen  kesangatmpias  negara  kasnegara  weekend  libur  tahunbaru    tahunbaru,
69, sih kemen imipas..  prabowo  pemerintah  kemen  kesangatmpias  negara  kasnegara  weekend  libur  tahunbaru    tahunbaru,
70,@intinyadeh kemen imipas ga nanggung setoran nya.. ih..  prabowo  pemerintah  kemen  kesangatmpias  negara  kasnegara  weekend  libur  tahunbaru    tahunbaru,
71,@ilhampid @listyosigitp siap masuk penjara ikut program ya om.. prabowo  pemerintah  kemen  kesangatmpias  negara  kasnegara  weekend  libur  tahunbaru    tahunbaru,
72,@ankiiim_ @listyosigitp @divhumas_polri klarifikasi kerja nyata kayak kemen imipas deh.. prabowo  pemerintah  kemen  kesangatmpias  negara  kasnegara  weekend  libur  tahunbaru    tahunbaru,
73,@heraloebisas ada aja..mending baca berita aja deh gue prabowo  pemerintah  kemen  kesangatmpias  negara  kasnegara  weekend  libur  tahunbaru    tahunbaru,
74,@dhemit_is_back @divhumas_polri @listyosigitp  penjara siap ikut program nya kemen imipas pak.. prabowo  pemerintah  kemen  kesangatmpias  negara  kasnegara  weekend  libur  tahunbaru    tahunbaru,
75,@doktertifa baca berita aja dl bu..lg rame jg nih pencapaian kemen imipas prabowo  pemerintah  kemen  kesangatmpias  negara  kasnegara  weekend  libur  tahunbaru    tahunbaru,
76,@fmuchtaar @totalpolitikcom  nih kemen imipas  prabowo  pemerintah  kemen  kesangatmpias  negara  kasnegara  weekend  libur  tahunbaru    tahunbaru,
77,@berlianidris klarifikasi nya kayak gini aja lgsg ksh bukti.. prabowo  pemerintah  kemen  kesangatmpias  negara  kasnegara  weekend  libur  tahunbaru    tahunbaru,
78,@adamsyahaha inget suasana bulan puasa waktu kecil dl.. prabowo  pemerintah  kemen  kesangatmpias  negara  kasnegara  weekend  libur  tahunbaru    tahunbaru,
79,@txtdrbekasi  sih ini..  prabowo  pemerintah  kemen  kesangatmpias  negara  kasnegara  weekend  libur  tahunbaru    tahunbaru,
80,@folkshittmedia masukin penjara biar bisak ikut program ini.. wkwkwk prabowo  pemerintah  kemen  kesangatmpias  negara  kasnegara  weekend  libur  tahunbaru    tahunbaru,
81,@tonightshow_net baca berita aja deh klo gue. prabowo  pemerintah  kemen  kesangatmpias  negara  kasnegara  weekend  libur  tahunbaru    tahunbaru,
82,@kumparan ga habis fikri.. prabowo  pemerintah  kemen  kesangatmpias  negara  kasnegara  weekend  libur  tahunbaru    tahunbaru,
83,@txtdrimedia  viral nih berita nya prabowo  pemerintah  kemen  kesangatmpias  negara  kasnegara  weekend  libur  tahunbaru    tahunbaru,
84,semua terwujud kerja sama sinergitas ada semoga semua selalu diberikan kesehatan keberkahan selamat natal tahun baru  tuhan memberkati semua aamiin. padahariini  natal  tahunbaru  gitj  polrestapati ,
85,@cobeh  auto ikut program deh besok prabowo  pemerintah  kemen  kesangatmpias  negara  kasnegara  weekend  libur  tahunbaru    tahunbaru,
86,@tukangbedah nyimak aja lah.. prabowo  pemerintah  kemen  kesangatmpias  negara  kasnegara  weekend  libur  tahunbaru    tahunbaru,
87, pak mentri!! prabowo  pemerintah  kemen  kesangatmpias  negara  kasnegara  weekend  libur  tahunbaru    tahunbaru,
88, sih ini..  prabowo  pemerintah  kemen  kesangatmpias  negara  kasnegara  weekend  libur  tahunbaru    tahunbaru,
89,@fverocious  kemen imipas ga pernah lelah narikin uang sebanyak buat setor prabowo  pemerintah  kemen  kesangatmpias  negara  kasnegara  weekend  libur  tahunbaru    tahunbaru,
90,@murtadhaone  bantu sm kemen imipas nih.. prabowo  pemerintah  kemen  kesangatmpias  negara  kasnegara  weekend  libur  tahunbaru    tahunbaru,
91,sedalam perasaan mu sobat hahahamakanya main nya mallbet.official dong biar wd terus !!! mallbet  trending  bonuswelcome  bonus  claim  viral  konten  tiktok  facebook  pengikut  publik  happynewyear  tahunbaru  bonus ,
92,late posttugas organis misa tahun baru ( januari ).lagu kemuliaan (madah bakti no. ).koor lingkungan yan smith &amp; sta. bernadeta.dirigen andy nong. tahunbaru  madahbakti  pelayananliturgi  kemuliaan  liturgikoor ,
93,late posttugas organis misa tahun baru ( januari ).lagu tuhan kasihanilah (madah bakti no. ).koor lingkungan smith &amp; sta. bernadeta.dirigen andy nong. tahunbaru  madahbakti  tuhankasihanilah  pelayananliturgi ,
94,penampilan mulan jamela awal tahun  @mulanjameela mulanjameela   malamtahunbaru  tahunbaru ,
95,penampilan nadin amizah urup  @cakecaine nadinamizah  urup  malamtahunbaru  tahunbaru ,
96,yang susah mau screenshot laptop.. ikutin cara pasti  berhasil apapun laptopnya semua bisa..!! video    tahunbaru  tutorial  toponechannels  tweeter  indonesia  ssdf  laptopfromhell  a ,
97,manager humas daop  madiun kuswardojo menjelaskan puncak arus balik terjadi  januari  . penumpang.  jatimnow  arusbalik  tahunbaru  kaidaop  madiun,
98, tahunbaru rabu(--) tgokwayangceritahantuindonesia dengananakmurid permulaanbaruyggembira teachersayangsofea. ,
99,semoga tahun  semua menjadi lebih baik aamiin 🤲 tahunbaru  newyear,
